rank,institute_id,institute_name,pdf_url
1,IR-E-U-0456,Indian Institute of Technology Madras,https://www.nirfindia.org/nirfpdfcdn/2025/pdf/Engineering/IR-E-U-0456.pdf
2,IR-E-I-1074,Indian Institute of Technology Delhi,https://www.nirfindia.org/nirfpdfcdn/2025/pdf/Engineering/IR-E-I-1074.pdf
3,IR-E-U-0306,Indian Institute of Technology Bombay,https://www.nirfindia.org/nirfpdfcdn/2025/pdf/Engineering/IR-E-U-0306.pdf
4,IR-E-I-1075,Indian Institute of Technology Kanpur,https://www.nirfindia.org/nirfpdfcdn/2025/pdf/Engineering/IR-E-I-1075.pdf
5,IR-E-U-0573,Indian Institute of Technology Kharagpur,https://www.nirfindia.org/nirfpdfcdn/2025/pdf/Engineering/IR-E-U-0573.pdf
6,IR-E-U-0560,Indian Institute of Technology Roorkee,https://www.nirfindia.org/nirfpdfcdn/2025/pdf/Engineering/IR-E-U-0560.pdf
7,IR-E-U-0013,Indian Institute of Technology Hyderabad,https://www.nirfindia.org/nirfpdfcdn/2025/pdf/Engineering/IR-E-U-0013.pdf
8,IR-E-U-0053,Indian Institute of Technology Guwahati,https://www.nirfindia.org/nirfpdfcdn/2025/pdf/Engineering/IR-E-U-0053.pdf
9,IR-E-U-0467,National Institute of Technology Tiruchirappalli,https://www.nirfindia.org/nirfpdfcdn/2025/pdf/Engineering/IR-E-U-0467.pdf
10,IR-E-U-0701,Indian Institute of Technology (BHU) Varanasi,https://www.nirfindia.org/nirfpdfcdn/2025/pdf/Engineering/IR-E-U-0701.pdf
11,IR-E-U-0391,Birla Institute of Technology & Science Pilani,https://www.nirfindia.org/nirfpdfcdn/2025/pdf/Engineering/IR-E-U-0391.pdf
12,IR-E-U-0273,Indian Institute of Technology Indore,https://www.nirfindia.org/nirfpdfcdn/2025/pdf/Engineering/IR-E-U-0273.pdf
13,IR-E-U-0357,National Institute of Technology Rourkela,https://www.nirfindia.org/nirfpdfcdn/2025/pdf/Engineering/IR-E-U-0357.pdf
14,IR-E-U-0473,S.R.M. Institute of Science and Technology,https://www.nirfindia.org/nirfpdfcdn/2025/pdf/Engineering/IR-E-U-0473.pdf
15,IR-E-U-0205,Indian Institute of Technology (ISM) Dhanbad,https://www.nirfindia.org/nirfpdfcdn/2025/pdf/Engineering/IR-E-U-0205.pdf
16,IR-E-U-0490,Vellore Institute of Technology,https://www.nirfindia.org/nirfpdfcdn/2025/pdf/Engineering/IR-E-U-0490.pdf
17,IR-E-U-0237,National Institute of Technology Karnataka Surathkal,https://www.nirfindia.org/nirfpdfcdn/2025/pdf/Engineering/IR-E-U-0237.pdf
18,IR-E-U-0575,Jadavpur University,https://www.nirfindia.org/nirfpdfcdn/2025/pdf/Engineering/IR-E-U-0575.pdf
19,IR-E-U-0064,Indian Institute of Technology Patna,https://www.nirfindia.org/nirfpdfcdn/2025/pdf/Engineering/IR-E-U-0064.pdf
20,IR-E-U-0439,Anna University,https://www.nirfindia.org/nirfpdfcdn/2025/pdf/Engineering/IR-E-U-0439.pdf
21,IR-E-U-0263,National Institute of Technology Calicut,https://www.nirfindia.org/nirfpdfcdn/2025/pdf/Engineering/IR-E-U-0263.pdf
22,IR-E-U-0363,Siksha O Anusandhan,https://www.nirfindia.org/nirfpdfcdn/2025/pdf/Engineering/IR-E-U-0363.pdf
23,IR-E-U-0436,Amrita Vishwa Vidyapeetham,https://www.nirfindia.org/nirfpdfcdn/2025/pdf/Engineering/IR-E-U-0436.pdf
24,IR-E-U-0108,Jamia Millia Islamia,https://www.nirfindia.org/nirfpdfcdn/2025/pdf/Engineering/IR-E-U-0108.pdf
25,IR-E-U-0139,Indian Institute of Technology Gandhinagar,https://www.nirfindia.org/nirfpdfcdn/2025/pdf/Engineering/IR-E-U-0139.pdf
26,IR-E-U-0184,Indian Institute of Technology Mandi,https://www.nirfindia.org/nirfpdfcdn/2025/pdf/Engineering/IR-E-U-0184.pdf
27,IR-E-U-0395,Indian Institute of Technology Jodhpur,https://www.nirfindia.org/nirfpdfcdn/2025/pdf/Engineering/IR-E-U-0395.pdf
28,IR-E-U-0025,National Institute of Technology Warangal,https://www.nirfindia.org/nirfpdfcdn/2025/pdf/Engineering/IR-E-U-0025.pdf
29,IR-E-I-1480,Thapar Institute of Engineering and Technology,https://www.nirfindia.org/nirfpdfcdn/2025/pdf/Engineering/IR-E-I-1480.pdf
30,IR-E-U-0098,Delhi Technological University,https://www.nirfindia.org/nirfpdfcdn/2025/pdf/Engineering/IR-E-U-0098.pdf
31,IR-E-U-0747,Chandigarh University,https://www.nirfindia.org/nirfpdfcdn/2025/pdf/Engineering/IR-E-U-0747.pdf
32,IR-E-U-0378,Indian Institute of Technology Ropar,https://www.nirfindia.org/nirfpdfcdn/2025/pdf/Engineering/IR-E-U-0378.pdf
33,IR-E-U-0458,Kalasalingam Academy of Research and Education,https://www.nirfindia.org/nirfpdfcdn/2025/pdf/Engineering/IR-E-U-0458.pdf
34,IR-E-U-0496,Aligarh Muslim University,https://www.nirfindia.org/nirfpdfcdn/2025/pdf/Engineering/IR-E-U-0496.pdf
35,IR-E-U-0020,Koneru Lakshmaiah Education Foundation,https://www.nirfindia.org/nirfpdfcdn/2025/pdf/Engineering/IR-E-U-0020.pdf
36,IR-E-U-0356,Kalinga Institute of Industrial Technology,https://www.nirfindia.org/nirfpdfcdn/2025/pdf/Engineering/IR-E-U-0356.pdf
37,IR-E-U-0497,Amity University,https://www.nirfindia.org/nirfpdfcdn/2025/pdf/Engineering/IR-E-U-0497.pdf
38,IR-E-U-0014,International Institute of Information Technology Hyderabad,https://www.nirfindia.org/nirfpdfcdn/2025/pdf/Engineering/IR-E-U-0014.pdf
39,IR-E-U-0355,Indian Institute of Technology Bhubaneswar,https://www.nirfindia.org/nirfpdfcdn/2025/pdf/Engineering/IR-E-U-0355.pdf
40,IR-E-U-0476,Shanmugha Arts Science Technology & Research Academy,https://www.nirfindia.org/nirfpdfcdn/2025/pdf/Engineering/IR-E-U-0476.pdf
41,IR-E-U-0308,Institute of Chemical Technology,https://www.nirfindia.org/nirfpdfcdn/2025/pdf/Engineering/IR-E-U-0308.pdf
42,IR-E-U-0410,Malaviya National Institute of Technology,https://www.nirfindia.org/nirfpdfcdn/2025/pdf/Engineering/IR-E-U-0410.pdf
43,IR-E-U-0564,UPES,https://www.nirfindia.org/nirfpdfcdn/2025/pdf/Engineering/IR-E-U-0564.pdf
44,IR-E-U-0334,Visvesvaraya National Institute of Technology Nagpur,https://www.nirfindia.org/nirfpdfcdn/2025/pdf/Engineering/IR-E-U-0334.pdf
45,IR-E-I-1441,Saveetha Institute of Medical and Technical Sciences,https://www.nirfindia.org/nirfpdfcdn/2025/pdf/Engineering/IR-E-I-1441.pdf
46,IR-E-U-0329,Symbiosis International,https://www.nirfindia.org/nirfpdfcdn/2025/pdf/Engineering/IR-E-U-0329.pdf
47,IR-E-C-16604,Sri Sivasubramaniya Nadar College of Engineering,https://www.nirfindia.org/nirfpdfcdn/2025/pdf/Engineering/IR-E-C-16604.pdf
48,IR-E-U-0379,Lovely Professional University,https://www.nirfindia.org/nirfpdfcdn/2025/pdf/Engineering/IR-E-U-0379.pdf
49,IR-E-U-0577,National Institute of Technology Durgapur,https://www.nirfindia.org/nirfpdfcdn/2025/pdf/Engineering/IR-E-U-0577.pdf
50,IR-E-U-0055,National Institute of Technology Silchar,https://www.nirfindia.org/nirfpdfcdn/2025/pdf/Engineering/IR-E-U-0055.pdf
51,IR-E-U-0202,Birla Institute of Technology Mesra,https://www.nirfindia.org/nirfpdfcdn/2025/pdf/Engineering/IR-E-U-0202.pdf
52,IR-E-U-0555,Graphic Era University,https://www.nirfindia.org/nirfpdfcdn/2025/pdf/Engineering/IR-E-U-0555.pdf
53,IR-E-U-0072,National Institute of Technology Patna,https://www.nirfindia.org/nirfpdfcdn/2025/pdf/Engineering/IR-E-U-0072.pdf
54,IR-E-U-0584,Indian Institute of Engineering Science and Technology Shibpur,https://www.nirfindia.org/nirfpdfcdn/2025/pdf/Engineering/IR-E-U-0584.pdf
55,IR-E-U-0374,Dr B R Ambedkar National Institute of Technology Jalandhar,https://www.nirfindia.org/nirfpdfcdn/2025/pdf/Engineering/IR-E-U-0374.pdf
56,IR-E-U-0906,Indian Institute of Technology Jammu,https://www.nirfindia.org/nirfpdfcdn/2025/pdf/Engineering/IR-E-U-0906.pdf
57,IR-E-U-0844,Indian Institute of Technology Tirupati,https://www.nirfindia.org/nirfpdfcdn/2025/pdf/Engineering/IR-E-U-0844.pdf
58,IR-E-U-0749,Manipal University Jaipur,https://www.nirfindia.org/nirfpdfcdn/2025/pdf/Engineering/IR-E-U-0749.pdf
59,IR-E-C-7252,Manipal Institute of Technology,https://www.nirfindia.org/nirfpdfcdn/2025/pdf/Engineering/IR-E-C-7252.pdf
60,IR-E-U-0739,Madan Mohan Malaviya University of Technology,https://www.nirfindia.org/nirfpdfcdn/2025/pdf/Engineering/IR-E-U-0739.pdf
61,IR-E-U-0255,Indian Institute of Space Science and Technology,https://www.nirfindia.org/nirfpdfcdn/2025/pdf/Engineering/IR-E-U-0255.pdf
62,IR-E-U-0530,Motilal Nehru National Institute of Technology,https://www.nirfindia.org/nirfpdfcdn/2025/pdf/Engineering/IR-E-U-0530.pdf
63,IR-E-U-0105,Indraprastha Institute of Information Technology,https://www.nirfindia.org/nirfpdfcdn/2025/pdf/Engineering/IR-E-U-0105.pdf
64,IR-E-U-0878,Indian Institute of Technology Palakkad,https://www.nirfindia.org/nirfpdfcdn/2025/pdf/Engineering/IR-E-U-0878.pdf
65,IR-E-U-0622,National Institute of Technology Delhi,https://www.nirfindia.org/nirfpdfcdn/2025/pdf/Engineering/IR-E-U-0622.pdf
66,IR-E-U-0149,Sardar Vallabhbhai National Institute of Technology,https://www.nirfindia.org/nirfpdfcdn/2025/pdf/Engineering/IR-E-U-0149.pdf
67,IR-E-U-0474,Sathyabama Institute of Science and Technology,https://www.nirfindia.org/nirfpdfcdn/2025/pdf/Engineering/IR-E-U-0474.pdf
67,IR-E-C-37013,PSG College of Technology,https://www.nirfindia.org/nirfpdfcdn/2025/pdf/Engineering/IR-E-C-37013.pdf
69,IR-E-U-0221,International Institute of Information Technology Bangalore,https://www.nirfindia.org/nirfpdfcdn/2025/pdf/Engineering/IR-E-U-0221.pdf
70,IR-E-C-6379,Netaji Subhas University of Technology,https://www.nirfindia.org/nirfpdfcdn/2025/pdf/Engineering/IR-E-C-6379.pdf
71,IR-E-U-0389,Banasthali Vidyapith,https://www.nirfindia.org/nirfpdfcdn/2025/pdf/Engineering/IR-E-U-0389.pdf
72,IR-E-U-0946,Indian Institute of Technology Bhilai,https://www.nirfindia.org/nirfpdfcdn/2025/pdf/Engineering/IR-E-U-0946.pdf
73,IR-E-U-0197,National Institute of Technology Srinagar,https://www.nirfindia.org/nirfpdfcdn/2025/pdf/Engineering/IR-E-U-0197.pdf
74,IR-E-U-0042,University of Hyderabad,https://www.nirfindia.org/nirfpdfcdn/2025/pdf/Engineering/IR-E-U-0042.pdf
75,IR-E-C-1331,M S Ramaiah Institute of Technology,https://www.nirfindia.org/nirfpdfcdn/2025/pdf/Engineering/IR-E-C-1331.pdf
76,IR-E-U-0217,Christ University,https://www.nirfindia.org/nirfpdfcdn/2025/pdf/Engineering/IR-E-U-0217.pdf
77,IR-E-U-0899,Indian Institute of Technology Dharwad,https://www.nirfindia.org/nirfpdfcdn/2025/pdf/Engineering/IR-E-U-0899.pdf
78,IR-E-U-0535,Rajiv Gandhi Institute of Petroleum Technology,https://www.nirfindia.org/nirfpdfcdn/2025/pdf/Engineering/IR-E-U-0535.pdf
79,IR-E-U-0384,Sant Longowal Institute of Engineering & Technology,https://www.nirfindia.org/nirfpdfcdn/2025/pdf/Engineering/IR-E-U-0384.pdf
80,IR-E-U-0043,Vignan's Foundation for Science Technology and Research,https://www.nirfindia.org/nirfpdfcdn/2025/pdf/Engineering/IR-E-U-0043.pdf
81,IR-E-U-0284,Maulana Azad National Institute of Technology,https://www.nirfindia.org/nirfpdfcdn/2025/pdf/Engineering/IR-E-U-0284.pdf
82,IR-E-U-0207,National Institute of Technology Jamshedpur,https://www.nirfindia.org/nirfpdfcdn/2025/pdf/Engineering/IR-E-U-0207.pdf
83,IR-E-U-0619,National Institute of Technology Meghalaya,https://www.nirfindia.org/nirfpdfcdn/2025/pdf/Engineering/IR-E-U-0619.pdf
84,IR-E-U-0223,Jain University Bangalore,https://www.nirfindia.org/nirfpdfcdn/2025/pdf/Engineering/IR-E-U-0223.pdf
85,IR-E-U-0172,National Institute of Technology Kurukshetra,https://www.nirfindia.org/nirfpdfcdn/2025/pdf/Engineering/IR-E-U-0172.pdf
86,IR-E-U-0092,National Institute of Technology Raipur,https://www.nirfindia.org/nirfpdfcdn/2025/pdf/Engineering/IR-E-U-0092.pdf
87,IR-E-U-0489,Vel Tech Rangarajan Dr Sagunthala R&D Institute of Science and Technology,https://www.nirfindia.org/nirfpdfcdn/2025/pdf/Engineering/IR-E-U-0489.pdf
88,IR-E-C-24004,AU College of Engineering,https://www.nirfindia.org/nirfpdfcdn/2025/pdf/Engineering/IR-E-C-24004.pdf
89,IR-E-U-0373,Chitkara University,https://www.nirfindia.org/nirfpdfcdn/2025/pdf/Engineering/IR-E-U-0373.pdf
90,IR-E-U-1257,COEP Technological University,https://www.nirfindia.org/nirfpdfcdn/2025/pdf/Engineering/IR-E-U-1257.pdf
