year,institute_id,name,rank,parser,escs_pct,gphd_avg,gms_median_salary,gms_cells_used,ipr_patents_granted,ipr_patents_published,fppp_sponsored_per_faculty,fppp_consultancy_per_faculty,ss_nt,ss_ne,ss_np,ss_x1,ss_x2,total_students,faculty_count,fru_capital_per_student,fru_operational_per_student
2023,IR-E-C-1269,R.V. College of Engineering,96,pdfplumber,23.4494127343911,23.833333333333332,793769.81970857,6,,,42315.63483642794,47291.913351016796,3504.0,1652.0,408.0,0.4714611872146119,0.11643835616438356,5391.0,377.0,12764.726148519137,141363.47127929263
2023,IR-E-C-1331,M. S. Ramaiah Institute of Technology,78,pdfplumber,21.337653320990512,20.666666666666668,552137.4865735768,5,,,53230.41285956007,25054.932318104908,2160.0,1277.0,347.0,0.5912037037037037,0.16064814814814815,4747.0,394.0,19343.632118531004,183417.45193455517
2023,IR-E-C-16604,Sri Sivasubramaniya Nadar College of Engineering,45,pdfplumber,29.384781435509982,36.833333333333336,611358.8967373024,6,,,196456.39438339436,43976.50915750916,2700.0,1120.0,483.0,0.4148148148148148,0.17888888888888888,3802.0,273.0,18158.583552516222,280438.2547781869
2023,IR-E-C-16626,Rajalakshmi Engineering College,86,pdfplumber,61.550089322523014,24.0,439556.4697083022,5,,,144872.78106508875,70364.23931623933,3660.0,1889.0,278.0,0.516120218579235,0.07595628415300547,7506.0,507.0,38922.08553157474,122087.74016342481
2023,IR-E-C-19754,SR University,98,pdfplumber,63.75,4.5,420138.6046511628,6,,,8268.621212121212,0.0,2670.0,950.0,81.0,0.35580524344569286,0.030337078651685393,3820.0,264.0,21525.682984293195,108570.72312390925
2023,IR-E-C-24004,AU College of Engineering (A),94,pdfplumber,67.1113155473781,64.66666666666667,548777.2258311043,6,,,158519.79939668174,302113.1447963801,2154.0,1380.0,308.0,0.6406685236768802,0.14298978644382543,3194.0,221.0,225874.5561469422,218773.18513880193
2023,IR-E-C-30045,"C.V. Raman Global University, Odisha",100,pdfplumber,45.789703315881326,0.5,452954.9393414211,5,,,68057.88680718189,10796.409055425449,2280.0,1147.0,208.0,0.5030701754385964,0.0912280701754386,4815.0,427.0,65759.26548978886,175902.63772931808
2023,IR-E-C-36995,Sri Krishna College of Engineering and Technology,77,pdfplumber,27.122692725298588,15.166666666666666,509429.4461452825,6,,,14317.042124542124,58431.80036630036,3558.0,1165.0,181.0,0.32743114109050026,0.05087127599775155,4731.0,364.0,45876.31409849926,206149.86458113155
2023,IR-E-C-37013,PSG College of Technology,63,pdfplumber,22.588608710985717,28.5,520773.56978059263,7,,,105773.44517066087,9841.736383442265,4615.0,2774.0,356.0,0.6010834236186349,0.0771397616468039,5986.0,459.0,20261.22062590489,168386.9678694732
2023,IR-E-C-41593,"College of Engineering, Pune",73,pdfplumber,59.038978494623656,13.666666666666666,771963.4480657935,6,,,433127.8195488722,381679.25689223054,2172.0,1537.0,259.0,0.7076427255985267,0.11924493554327809,3717.0,266.0,55888.967446865754,296852.1340686934
2023,IR-E-C-6379,Netaji Subhas University of Technology (NSUT),60,pdfplumber,15.140250084488002,23.833333333333332,1341190.0826446281,6,,,71372.99470899471,28783.232048374906,4408.0,1294.0,269.0,0.29355716878402904,0.06102540834845735,6297.0,441.0,27944.919379598752,157799.37314064897
2023,IR-E-C-7252,Manipal Institute of Technology,61,pdfplumber,10.514271949897628,11.0,699959.2218686723,6,,,25989.958086785013,3615.003944773175,6421.0,3069.0,442.0,0.47796293412241087,0.06883662980844105,9282.0,676.0,14768.377433024492,160380.68139050493
2023,IR-E-I-1074,Indian Institute of Technology Delhi,2,pdfplumber,54.13652802893309,155.66666666666666,1533152.664859982,7,,,3132943.609357998,405569.7442872688,4843.0,4019.0,3744.0,0.829857526326657,0.7730745405740244,7597.0,919.0,411882.190908692,932021.2634811988
2023,IR-E-I-1075,Indian Institute of Technology Kanpur,4,pdfplumber,56.68867693812668,107.5,1822398.5904463585,5,,,4229201.398601399,529303.3216783217,1817.0,1759.0,2170.0,0.9680792515134837,1.194276279581728,5871.0,572.0,187437.96627491058,1200690.6262419804
2023,IR-E-I-1441,Saveetha Institute of Medical and Technical Sciences,64,pdfplumber,38.77513030528667,9.666666666666666,368850.3983475952,6,,,,100416.9441340782,3990.0,1380.0,244.0,0.3458646616541353,0.061152882205513785,5433.0,358.0,19062.831216639057,153413.96048837353
2023,IR-E-I-1480,Thapar Institute of Engineering and Technology (Deemed-to-be-university),20,pdfplumber,5.119034313177601,51.0,860365.2300949598,6,,,139394.25458147598,45594.93065874195,6825.0,2117.0,661.0,0.3101831501831502,0.09684981684981685,9385.0,673.0,40917.2757591902,268783.31365654414
2023,IR-E-U-0013,Indian Institute of Technology Hyderabad,8,pdfplumber,34.2685370741483,36.333333333333336,1797119.6410767697,7,,,1674105.085910653,427414.4994272623,663.0,342.0,728.0,0.5158371040723982,1.0980392156862746,2203.0,291.0,286882.5288243305,849419.4958390074
2023,IR-E-U-0014,International Institute of Information Technology Hyderabad,55,pdfplumber,3.0905077262693155,8.5,2282165.5328798187,7,,,1493251.3691460055,34102.96694214876,1317.0,621.0,159.0,0.4715261958997722,0.12072892938496584,1884.0,121.0,45780.62225760792,292498.7823779193
2023,IR-E-U-0017,Jawaharlal Nehru Technological University,83,pdfplumber,74.87427466150871,128.5,436050.7153806847,5,,,552753.0777202073,554789.7262521589,2488.0,1959.0,41.0,0.787379421221865,0.01647909967845659,6696.0,386.0,100318.61215651136,366560.1623855038
2023,IR-E-U-0020,Koneru Lakshmaiah Education Foundation University (K L College of Engineering),44,pdfplumber,3.11125329920819,63.666666666666664,519169.2652712516,6,,,77422.60811781608,15358.347341954024,10164.0,3877.0,737.0,0.38144431326249506,0.07251082251082251,13052.0,928.0,11775.105603228114,132570.45967412402
2023,IR-E-U-0025,National Institute of Technology Warangal,21,pdfplumber,39.436958614051974,42.666666666666664,1091738.2934443287,6,,,351291.30163304514,39122.33237271854,3454.0,2183.0,759.0,0.6320208453966416,0.2197452229299363,5438.0,347.0,86666.26774549467,349557.668505578
2023,IR-E-U-0042,University of Hyderabad,71,pdfplumber,,18.166666666666668,1683245.7786116323,6,,,402688.48484848486,1775.7575757575758,449.0,583.0,80.0,1.2984409799554566,0.17817371937639198,262.0,55.0,46292.029262086515,965104.5012722646
2023,IR-E-U-0043,"Vignan's Foundation for Science, Technology and Research",85,pdfplumber,47.14148834238262,21.666666666666668,442357.31208270515,5,,,59202.53310305123,25987.82383419689,4080.0,1760.0,555.0,0.43137254901960786,0.13602941176470587,6474.0,579.0,9462.81814437236,89688.81289259602
2023,IR-E-U-0053,Indian Institute of Technology Guwahati,7,pdfplumber,5.922254109052961,112.66666666666667,1701837.6068376068,5,,,2732015.8102766797,204479.5783926219,1598.0,1467.0,2621.0,0.9180225281602002,1.6401752190237797,5567.0,506.0,136081.55266151726,523570.0901143644
2023,IR-E-U-0055,National Institute of Technology Silchar,40,pdfplumber,50.07564296520424,28.5,785530.2402651202,6,,,365450.16152716597,49083.779735682816,2648.0,1185.0,661.0,0.44750755287009064,0.24962235649546827,3782.0,227.0,59598.45690111053,279830.482108232
2023,IR-E-U-0064,Indian Institute of Technology Patna,41,pdfplumber,44.37669376693767,35.333333333333336,1418247.767857143,6,,,1734169.4894179893,214199.8544973545,1234.0,515.0,679.0,0.4173419773095624,0.5502431118314425,1730.0,126.0,164279.16435452792,487332.9190751445
2023,IR-E-U-0072,National Institute of Technology Patna,56,pdfplumber,74.69158878504673,22.5,717726.618705036,6,,,362630.7454212454,369837.12637362635,2278.0,1057.0,1167.0,0.4640035118525022,0.5122914837576822,3149.0,182.0,44507.68646131046,286305.1520059278
2023,IR-E-U-0092,"National Institute of Technology, Raipur",70,pdfplumber,55.43175487465181,32.833333333333336,772939.7176650134,8,,,96512.81509433962,89337.27924528302,1945.0,1033.0,446.0,0.5311053984575835,0.22930591259640104,4263.0,265.0,33072.26272577997,206135.99249354916
2023,IR-E-U-0098,Delhi Technological University,29,pdfplumber,31.755076668048073,29.666666666666668,1152189.311728854,6,,,100697.73781902553,116040.07269914927,7517.0,2856.0,1359.0,0.3799388053744845,0.18079020885991753,10397.0,862.0,25082.266230643454,212769.85034144466
2023,IR-E-U-0099,Guru Gobind Singh Indraprastha University,84,pdfplumber,13.722397476340694,17.166666666666668,742671.2328767123,7,,,211956.5734767025,0.0,420.0,370.0,251.0,0.8809523809523809,0.5976190476190476,1565.0,93.0,25456.173588924386,128340.04771033014
2023,IR-E-U-0105,Indraprastha Institute of Information Technology Delhi,75,pdfplumber,7.225130890052356,9.0,1526275.0659630606,6,,,1724759.5732323232,78723.09343434343,1695.0,839.0,258.0,0.49498525073746313,0.15221238938053097,2331.0,132.0,52038.75103675104,297820.32475332473
2023,IR-E-U-0108,"Jamia Millia Islamia,New Delhi",26,pdfplumber,95.51820728291317,25.5,698507.9575596817,6,,,645926.864102564,635991.6102564102,1205.0,678.0,326.0,0.562655601659751,0.2705394190871369,1752.0,130.0,12545.6052130898,280633.4627092846
2023,IR-E-U-0139,Indian Institute of Technology Gandhinagar,18,pdfplumber,40.981735159817354,29.0,992769.0253671563,6,,,3165759.200617284,276586.6635802469,672.0,400.0,508.0,0.5952380952380952,0.7559523809523809,986.0,108.0,387003.8722109533,1211878.8262339418
2023,IR-E-U-0149,Sardar Vallabhbhai National Institute of Technology,65,pdfplumber,37.368262571514606,38.166666666666664,724428.7288758266,5,,,165931.64141414143,338884.6351010101,1754.0,1141.0,870.0,0.6505131128848347,0.4960091220068415,4104.0,264.0,33478.45630279402,321613.43948992854
2023,IR-E-U-0155,"Amity University Haryana, Gurgaon",99,pdfplumber,18.452380952380953,9.833333333333334,364696.32768361585,7,,,209449.30446194226,10126.674540682416,165.0,290.0,275.0,1.7575757575757576,1.6666666666666667,933.0,127.0,15817.77313326188,174437.83208288674
2023,IR-E-U-0172,National Institute of Technology Kurukshetra,58,pdfplumber,43.127272727272725,25.0,648302.5261860752,6,,,133422.47727272726,326691.50151515147,3483.0,1740.0,395.0,0.49956933677863913,0.11340798162503589,4988.0,220.0,44029.532878909384,268756.54905105586
2023,IR-E-U-0184,Indian Institute of Technology Mandi,33,pdfplumber,73.41417910447761,27.833333333333332,1218009.5238095238,6,,,778209.4874759152,41058.687861271676,1158.0,667.0,497.0,0.575993091537133,0.42918825561312607,1564.0,173.0,116499.00234441602,542932.6485507246
2023,IR-E-U-0197,National Institute of Technology Srinagar,82,pdfplumber,87.49584303292318,20.0,690480.1136363636,5,,,174480.78774928776,103957.4074074074,1344.0,745.0,314.0,0.5543154761904762,0.23363095238095238,3314.0,234.0,93994.523335345,264973.63417823374
2023,IR-E-U-0202,Birla Institute of Technology,53,pdfplumber,11.28310973512212,22.0,820818.6847736626,6,,,339917.3524492234,22583.072879330943,2663.0,1083.0,337.0,0.40668419076229817,0.12654900488171236,3325.0,279.0,60328.57192982456,276020.42385964916
2023,IR-E-U-0205,Indian Institute of Technology (Indian School of Mines),17,pdfplumber,52.054794520547944,79.33333333333333,1090503.1995346132,7,,,766562.8477891156,121274.32227891157,4021.0,2500.0,1512.0,0.6217358865953743,0.37602586421288237,4747.0,392.0,106186.67726985464,534762.8568920721
2023,IR-E-U-0221,International Institute of Information Technology Bangalore,74,pdfplumber,,3.6666666666666665,2164445.954198473,5,,,6292175.296296297,108216.4656084656,540.0,503.0,86.0,0.9314814814814815,0.15925925925925927,905.0,63.0,93787.61657458564,1664085.4902394107
2023,IR-E-U-0237,"National Institute of Technology Karnataka, Surathkal",12,pdfplumber,65.0873478030704,63.166666666666664,1028790.2200488998,6,,,1234672.9686868687,366258.0171717172,2799.0,2193.0,928.0,0.7834941050375134,0.33154698106466596,5245.0,330.0,174763.17985382906,464833.6938036225
2023,IR-E-U-0249,Visvesvaraya Technological University,52,pdfplumber,65.57377049180327,36.166666666666664,351702.0295202952,3,,,51604.477611940296,110455.68159203981,531.0,396.0,206.0,0.7457627118644068,0.3879472693032015,865.0,67.0,222460.44816955682,586978.4073217727
2023,IR-E-U-0255,Indian Institute of Space Science and Technology,48,pdfplumber,28.35820895522388,9.166666666666666,970106.0466562986,9,,,183781.28712871287,48195.13201320132,618.0,466.0,264.0,0.7540453074433657,0.42718446601941745,813.0,101.0,,847277.1439114391
2023,IR-E-U-0263,National Institute of Technology Calicut,23,pdfplumber,66.35109548282391,45.666666666666664,993355.0665580005,6,,,345031.3568507157,31975.446830265846,3160.0,1737.0,663.0,0.5496835443037975,0.2098101265822785,4553.0,326.0,57666.054323156895,363833.23837762646
2023,IR-E-U-0267,Atal Bihari Vajpayee Indian Institute of Information Technology and Management,88,pdfplumber,39.08794788273616,3.3333333333333335,1664461.3778705637,7,,,265535.847826087,61518.659420289856,462.0,134.0,51.0,0.29004329004329005,0.11038961038961038,937.0,46.0,29467.825329064388,282504.0651013874
2023,IR-E-U-0273,Indian Institute of Technology Indore,14,pdfplumber,37.80778395552026,41.166666666666664,1478852.119958635,5,,,1201587.9642276422,96508.60325203252,569.0,406.0,547.0,0.7135325131810193,0.961335676625659,1643.0,205.0,144802.81639277746,588268.7025765876
2023,IR-E-U-0284,Maulana Azad National Institute of Technology,80,pdfplumber,65.88016967126192,29.833333333333332,923929.0407358739,5,,,121086.70434782609,244047.00869565218,1747.0,1171.0,306.0,0.6702919290211792,0.17515741270749857,4625.0,230.0,39427.20237837838,187319.06162162163
2023,IR-E-U-0286,"Pandit Dwarka Prasad Mishra Indian Institute of Information Technology, Design and Manufacturing (IIITDM)",97,pdfplumber,58.18527918781726,11.833333333333334,918146.0674157303,6,,,382099.0273972603,32214.55707762557,1241.0,471.0,204.0,0.37953263497179696,0.1643835616438356,1687.0,73.0,33621.571230982016,249484.34894289667
2023,IR-E-U-0297,Defence Institute of Advanced Technology,57,pdfplumber,,14.833333333333334,1708778.6259541984,3,,,2252810.756218905,923511.3681592039,448.0,228.0,140.0,0.5089285714285714,0.3125,546.0,67.0,306659.79853479855,543590.004884005
2023,IR-E-U-0306,Indian Institute of Technology Bombay,3,pdfplumber,39.22641853676336,164.16666666666666,1398650.2948171415,6,,,4320198.543347241,822114.0472878999,4791.0,4173.0,4048.0,0.8710081402629931,0.8449175537466083,8444.0,719.0,,844871.207721459
2023,IR-E-U-0308,Institute of Chemical Technology,24,pdfplumber,10.087719298245615,42.333333333333336,638183.3910034602,5,,,1758254.26007326,254379.49084249086,662.0,480.0,307.0,0.7250755287009063,0.4637462235649547,2051.0,182.0,158182.0097513408,
2023,IR-E-U-0334,"Visvesvaraya National Institute of Technology, Nagpur",41,pdfplumber,22.423146473779386,26.5,890882.7072997874,6,,,507644.8650793651,592128.560090703,3020.0,1621.0,539.0,0.5367549668874172,0.178476821192053,3980.0,294.0,101004.20988274706,324938.2631490787
2023,IR-E-U-0355,Indian Institute of Technology Bhubaneswar,47,pdfplumber,50.87108013937282,20.833333333333332,1282553.1547104581,6,,,1011391.5521628498,346022.9694656489,1581.0,933.0,419.0,0.5901328273244781,0.265022137887413,2033.0,131.0,111518.66191178882,447296.1232989014
2023,IR-E-U-0356,Kalinga Institute of Industrial Technology,39,pdfplumber,12.39343338265342,45.0,524135.7865843198,6,,,86585.24984005118,32671.012476007676,10412.0,3930.0,1186.0,0.3774490971955436,0.11390703034959662,14411.0,1042.0,53832.5062336641,253588.55392871186
2023,IR-E-U-0357,National Institute of Technology Rourkela,16,pdfplumber,56.12677813825805,54.5,823989.0736342042,6,,,502432.97222222225,114286.9675925926,790.0,1584.0,835.0,2.0050632911392405,1.0569620253164558,5441.0,360.0,,372239.4675611101
2023,IR-E-U-0363,Siksha `O` Anusandhan,27,pdfplumber,8.28886958679737,32.833333333333336,398526.13164224796,5,,,118367.63129689175,201076.63451232584,4080.0,1522.0,869.0,0.3730392156862745,0.21299019607843137,8193.0,622.0,85467.86101956955,308926.8685056349
2023,IR-E-U-0373,Chitkara University,92,pdfplumber,3.101543690695369,12.166666666666666,610313.1991051454,6,,,4765.875075075075,78836.92192192192,2955.0,1137.0,285.0,0.3847715736040609,0.09644670050761421,7091.0,555.0,19827.942885347624,159639.32943167395
2023,IR-E-U-0374,"Dr. B R Ambedkar National Institute of Technology, Jalandhar",46,pdfplumber,54.12935323383085,29.833333333333332,707274.1679873217,5,,,89741.88693467337,30262.108040201005,1920.0,1106.0,551.0,0.5760416666666667,0.2869791666666667,4906.0,398.0,22131.58092132083,200688.12916157086
2023,IR-E-U-0378,Indian Institute of Technology Ropar,22,pdfplumber,51.90548780487805,18.666666666666668,1453377.8452200303,6,,,1353516.6,213940.5588235294,321.0,537.0,737.0,1.6728971962616823,2.29595015576324,1807.0,170.0,318887.0049806309,649909.5495296071
2023,IR-E-U-0379,Lovely Professional University,50,pdfplumber,0.0,30.333333333333332,508633.1511278774,8,,,14005.510802469134,12596.573456790124,7720.0,8604.0,902.0,1.1145077720207255,0.11683937823834196,15917.0,1080.0,6327.6966136834835,113939.82733345899
2023,IR-E-U-0389,Banasthali Vidyapith,68,pdfplumber,36.506915406883245,30.333333333333332,612328.8201160542,6,,,154917.25603864732,69986.28019323671,2952.0,956.0,202.0,0.3238482384823848,0.06842818428184282,3197.0,276.0,36988.72797414242,205184.31300177248
2023,IR-E-U-0391,Birla Institute of Technology & Science -Pilani,25,pdfplumber,0.10020952901521363,32.833333333333336,1478940.0975156722,5,,,260248.1292620865,20330.727735368957,5610.0,3443.0,709.0,0.6137254901960785,0.12638146167557932,12340.0,655.0,55758.88733117234,250536.04616423554
2023,IR-E-U-0395,Indian Institute of Technology Jodhpur,30,pdfplumber,36.61875427789185,12.333333333333334,1240616.966580977,6,,,1522658.0229357798,167976.5519877676,1265.0,549.0,640.0,0.43399209486166007,0.5059288537549407,1835.0,218.0,277225.4056312443,723877.0868301544
2023,IR-E-U-0410,Malaviya National Institute of Technology,37,pdfplumber,47.456,45.0,809584.0825840826,6,,,359411.6523994812,458828.0064850843,2864.0,1664.0,861.0,0.5810055865921788,0.30062849162011174,3982.0,257.0,32349.27800100452,308176.5104637536
2023,IR-E-U-0436,Amrita Vishwa Vidyapeetham,19,pdfplumber,34.34875826335537,18.5,468797.96232218377,6,,,419234.9067770623,61495.57896350813,8042.0,3405.0,979.0,0.4234021387714499,0.12173588659537428,12543.0,1087.0,44272.84907916767,183590.57984533205
2023,IR-E-U-0439,Anna University,13,pdfplumber,49.50937636284343,110.83333333333333,554282.5016063397,5,,,454647.15165165166,278467.7421171171,5210.0,4019.0,1675.0,0.7714011516314779,0.32149712092130517,10763.0,888.0,63430.92929480628,251235.7969896869
2023,IR-E-U-0456,Indian Institute of Technology Madras,1,pdfplumber,51.355357899195255,117.16666666666667,1503014.734500973,12,,,6314279.032651071,2780713.8377192984,4191.0,1528.0,2435.0,0.3645907897876402,0.5810069195895967,6643.0,684.0,495594.93060364295,1708049.130714035
2023,IR-E-U-0458,Kalasalingam Academy of Research and Education,36,pdfplumber,51.01135557132718,36.666666666666664,477725.0645994832,5,,,30798.292644757432,177922.7198748044,2580.0,1387.0,412.0,0.5375968992248062,0.15968992248062017,5869.0,426.0,36870.04611802124,208688.64957119327
2023,IR-E-U-0467,National Institute of Technology Tiruchirappalli,9,pdfplumber,53.64910584823586,74.5,1052486.5229110513,4,,,640473.0406719717,137025.87709991157,768.0,891.0,903.0,1.16015625,1.17578125,5336.0,377.0,110027.67878560719,444589.95652173914
2023,IR-E-U-0473,S.R.M. Institute of Science and Technology,28,pdfplumber,5.962030716723549,75.66666666666667,406340.72856751573,6,,,75652.03659611993,8416.56569664903,17879.0,5120.0,1873.0,0.2863694837518877,0.10475977403657923,19499.0,1512.0,37464.36328358719,266550.4251500077
2023,IR-E-U-0474,Sathyabama Institute of Science and Technology,66,pdfplumber,20.370559934486643,65.83333333333333,384699.01168014377,5,,,72890.7382594417,28026.108374384236,5400.0,1584.0,1038.0,0.29333333333333333,0.1922222222222222,10065.0,1015.0,36439.834674615005,133647.87670144063
2023,IR-E-U-0476,Shanmugha Arts Science Technology & Research Academy,34,pdfplumber,3.2068062827225132,33.0,601204.5014946369,8,,,277073.7403846154,343867.62446581194,3880.0,3664.0,518.0,0.9443298969072165,0.13350515463917526,8081.0,624.0,129107.58981974178,154905.2868044384
2023,IR-E-U-0489,Vel Tech Rangarajan Dr. Sagunthala R & D Institute of Science and Technology,87,pdfplumber,42.16348393106661,18.833333333333332,377835.6135986733,5,,,33942.048104956266,14403.62973760933,4800.0,2131.0,406.0,0.44395833333333334,0.08458333333333333,8796.0,686.0,6236.405525238745,81364.06067151735
2023,IR-E-U-0490,Vellore Institute of Technology,11,pdfplumber,0.7877818357429598,141.83333333333334,680295.5721944907,8,,,49118.073407985525,5132.749802058591,16940.0,13311.0,2152.0,0.7857733175914994,0.1270365997638725,40398.0,2947.0,14755.643084641155,128487.57381553542
2023,IR-E-U-0493,National Institute of Technology Agartala,91,pdfplumber,74.12737293325168,19.833333333333332,656827.8084714549,5,,,54802.99099099099,27038.35885885886,1659.0,907.0,323.0,0.5467148884870404,0.1946955997588909,3567.0,222.0,61519.955237828246,211450.77039529016
2023,IR-E-U-0496,Aligarh Muslim University,32,pdfplumber,30.79787234042553,17.833333333333332,519081.0234541578,6,,,476771.8011444922,108455.57367668097,1411.0,972.0,263.0,0.6888731396172927,0.18639262934089298,2432.0,233.0,10715.65117872807,381099.3333333333
2023,IR-E-U-0497,Amity University,31,pdfplumber,1.0416666666666667,53.333333333333336,444637.1040723982,7,,,135422.3727810651,1370.3990795529257,2010.0,3365.0,989.0,1.6741293532338308,0.49203980099502487,5970.0,507.0,6636.643439419319,270234.41691792296
2023,IR-E-U-0516,Indian Institute of Information Technology Allahabad,89,pdfplumber,24.502487562189053,14.166666666666666,1983992.7880386983,9,,,313729.9578059072,70399.93670886075,1444.0,781.0,236.0,0.5408587257617729,0.1634349030470914,1958.0,79.0,24151.1746680286,201165.6094654409
2023,IR-E-U-0530,Motilal Nehru National Institute of Technology,49,pdfplumber,63.691931540342296,43.166666666666664,1067760.3658536586,5,,,455958.10294117645,441571.48161764705,1960.0,1365.0,538.0,0.6964285714285714,0.27448979591836736,5105.0,272.0,73562.83872020895,308112.5282402873
2023,IR-E-U-0535,Rajiv Gandhi Institute of Petroleum Technology,79,pdfplumber,26.273885350318473,6.333333333333333,703705.0561797753,6,,,490131.5495495495,113209.85135135135,477.0,177.0,163.0,0.3710691823899371,0.3417190775681342,728.0,74.0,295584.1245421245,474850.61630036635
2023,IR-E-U-0555,Graphic Era University,62,pdfplumber,2.6624548736462095,17.0,521521.8458517428,5,,,21689.31654676259,63950.839328537164,2160.0,986.0,255.0,0.4564814814814815,0.11805555555555555,4546.0,278.0,58651.85936354304,175537.65720780173
2023,IR-E-U-0560,Indian Institute of Technology Roorkee,5,pdfplumber,33.75122910521141,104.83333333333333,1625815.7894736843,7,,,1331610.6003460207,937741.3229527104,1143.0,1669.0,2667.0,1.4601924759405074,2.3333333333333335,6043.0,578.0,185852.60880357437,631599.9991174361
2023,IR-E-U-0564,UPES,54,pdfplumber,0.4402054292002935,13.666666666666666,454603.16882170824,6,,,39685.78139850645,24510.408689748812,4125.0,2038.0,286.0,0.49406060606060603,0.06933333333333333,5838.0,491.0,17046.423432682426,309156.3445814777
2023,IR-E-U-0573,Indian Institute of Technology Kharagpur,6,pdfplumber,37.0627261761158,,1286049.534085336,12,,,778080.6311226701,,7646.0,3485.0,3534.0,0.455793879152498,0.46220245880198796,10403.0,769.0,59436.70748822455,533285.9095773655
2023,IR-E-U-0575,Jadavpur University,10,pdfplumber,78.26178896172553,58.5,950729.4697903822,5,,,698913.4579646018,302131.6873156342,2300.0,1669.0,906.0,0.7256521739130435,0.3939130434782609,5587.0,452.0,34158.483861344794,311974.33369130717
2023,IR-E-U-0577,National Institute of Technology Durgapur,43,pdfplumber,55.8939993908011,51.666666666666664,775306.1413244543,6,,,419099.57714958774,79153.57008244994,2790.0,1899.0,663.0,0.6806451612903226,0.23763440860215054,3865.0,283.0,36922.991461837,373999.80672703753
2023,IR-E-U-0584,"Indian Institute of Engineering Science and Technology, Shibpur",35,pdfplumber,64.06425102726934,47.166666666666664,721009.7431355182,6,,,302317.46350364963,233590.66666666666,2458.0,1151.0,829.0,0.46826688364524005,0.3372660699755899,3258.0,274.0,49348.531512175156,414635.8228974831
2023,IR-E-U-0613,National Institute of Technology Manipur,95,pdfplumber,84.7919655667145,9.166666666666666,666176.4705882353,6,,,187028.11111111112,11443.568888888889,615.0,277.0,178.0,0.4504065040650406,0.2894308943089431,805.0,75.0,49798.46997929607,266497.18592132506
2023,IR-E-U-0619,National Institute of Technology Meghalaya,72,pdfplumber,79.73568281938326,6.666666666666667,687761.8069815196,5,,,442949.68650793645,124729.06746031746,300.0,192.0,196.0,0.64,0.6533333333333333,519.0,84.0,224109.92292870904,420679.920359666
2023,IR-E-U-0620,National Institute of Technology Goa,90,pdfplumber,37.8419452887538,6.5,724455.205811138,6,,,164044.4863387978,0.0,608.0,266.0,82.0,0.4375,0.13486842105263158,769.0,61.0,28971.77633289987,280369.0641525791
2023,IR-E-U-0622,National Institute of Technology Delhi,51,pdfplumber,72.95774647887323,6.333333333333333,1087122.8878648235,6,,,186239.69047619047,869.5238095238095,621.0,286.0,58.0,0.4605475040257649,0.09339774557165861,848.0,70.0,33007.11635220126,424546.7177672956
2023,IR-E-U-0701,Indian Institute of Technology (Banaras Hindu University) Varanasi,15,pdfplumber,67.58957654723127,53.666666666666664,1622517.697753155,6,,,855251.7844748858,432538.397260274,4906.0,2485.0,1016.0,0.5065226253567061,0.20709335507541785,6141.0,365.0,47962.06605873094,483743.438690767
2023,IR-E-U-0747,Chandigarh University,38,pdfplumber,31.488505302267978,44.833333333333336,630837.0072754914,6,,,42715.565906838456,53233.61744301288,9882.0,3552.0,710.0,0.3594414086217365,0.07184780408824125,13322.0,1009.0,56614.1642896462,189025.45476154733
2023,IR-E-U-0749,Manipal University Jaipur,76,pdfplumber,1.337613697164259,9.666666666666666,532210.5859043306,6,,,34239.28360215054,4978.430107526882,4308.0,1160.0,219.0,0.2692664809656453,0.05083565459610028,5656.0,496.0,11610.678983969827,190018.9443069307
2023,IR-E-U-0844,"Indian Institute of Technology, Tirupati",59,pdfplumber,61.611374407582936,0.8333333333333334,1028530.6553911205,5,,,524379.6752873564,194535.54885057473,384.0,233.0,218.0,0.6067708333333334,0.5677083333333334,1088.0,116.0,201492.51133578434,484774.0337009804
2023,IR-E-U-0878,Indian Institute of Technology Palakkad,69,pdfplumber,45.6221198156682,0.3333333333333333,971443.7367303609,6,,,788425.4545454546,48997.79393939394,632.0,264.0,138.0,0.4177215189873418,0.21835443037974683,842.0,110.0,320168.1876484561,367546.03087885986
2023,IR-E-U-0899,Indian Institute Of Technology Dharwad,93,pdfplumber,15.406562054208274,0.3333333333333333,946271.0843373494,4,,,712121.2121212122,34090.90909090909,271.0,124.0,79.0,0.4575645756457565,0.2915129151291513,739.0,66.0,174351.35092467297,292603.10690121783
2023,IR-E-U-0906,Indian Institute of Technology Jammu,67,pdfplumber,40.283687943262414,0.5,1186390.5325443787,4,,,902581.0330033003,155113.14191419142,367.0,170.0,195.0,0.46321525885558584,0.5313351498637602,833.0,101.0,482147.07763105247,496482.18567426974
2023,IR-E-U-0946,Indian Institute of Technology Bhilai,81,pdfplumber,45.28619528619529,1.3333333333333333,1470000.0,6,,,778763.0591397849,92999.62903225806,462.0,157.0,86.0,0.3398268398268398,0.18614718614718614,634.0,62.0,2180292.7166140904,435963.8985278654
2024,IR-E-C-1269,R.V. College of Engineering,99,pdfplumber,25.504950495049506,32.5,836749.9382868428,6,,,40233.487108655616,66368.99171270718,3564.0,1584.0,288.0,0.4444444444444444,0.08080808080808081,5516.0,362.0,15404.660865361371,164528.65016920475
2024,IR-E-C-1297,Siddaganga Institute of Technology,100,pdfplumber,50.124826629680996,6.833333333333333,682479.6891557754,6,,,100983.07207207207,20029.837837837837,2796.0,1123.0,171.0,0.40164520743919885,0.0611587982832618,3928.0,296.0,13617.897827562796,144496.07340461644
2024,IR-E-C-1331,M. S. Ramaiah Institute of Technology,75,pdfplumber,24.933035714285715,20.833333333333332,647303.9742212675,5,,,65209.245614035084,19720.39035087719,2160.0,1276.0,366.0,0.5907407407407408,0.16944444444444445,4783.0,380.0,19673.570423025994,200333.87957348945
2024,IR-E-C-16604,Sri Sivasubramaniya Nadar College of Engineering,46,pdfplumber,52.780129833474454,38.333333333333336,692664.0675763483,6,,,168788.22147651008,41109.74720357942,2520.0,938.0,505.0,0.37222222222222223,0.2003968253968254,3631.0,298.0,24542.674378040945,301013.5867988617
2024,IR-E-C-19754,SR University,98,pdfplumber,64.77272727272727,4.166666666666667,393214.163485071,5,,,3714.8063063063064,1996.1655405405406,1800.0,849.0,252.0,0.4716666666666667,0.14,4140.0,296.0,24330.256602254427,110468.48808373591
2024,IR-E-C-24004,AU College of Engineering (A),90,pdfplumber,83.1839521980367,66.16666666666667,634422.346368715,6,,,261094.14498644986,328380.16395663953,2324.0,1550.0,103.0,0.6669535283993115,0.04432013769363167,3361.0,246.0,230745.27511653278,286262.06000198354
2024,IR-E-C-30045,"C.V. Raman Global University, Odisha",96,pdfplumber,44.705882352941174,2.1666666666666665,482200.2380243975,5,,,78661.1533923304,16120.044247787611,2400.0,935.0,255.0,0.38958333333333334,0.10625,5091.0,452.0,76822.28619131801,201171.172264781
2024,IR-E-C-36995,Sri Krishna College of Engineering and Technology,83,pdfplumber,28.828109403074468,10.666666666666666,549218.3137911782,6,,,7000.374759152215,65204.989402697494,3618.0,1209.0,173.0,0.3341625207296849,0.047816473189607515,5101.0,346.0,47899.77919362216,192550.83722145983
2024,IR-E-C-37013,PSG College of Technology,67,pdfplumber,20.38649025069638,29.666666666666668,604811.246817065,7,,,59067.14512922465,8265.68787276342,4561.0,2652.0,357.0,0.5814514360885771,0.07827230870423153,5996.0,503.0,15664.44296197465,162735.01573271072
2024,IR-E-C-41593,COEP Technological University,77,pdfplumber,51.43586470963625,17.333333333333332,833500.1550387597,6,,,625663.8754863814,438070.8871595331,2196.0,1507.0,278.0,0.686247723132969,0.12659380692167577,3668.0,257.0,84126.18311523083,336274.2776263177
2024,IR-E-C-6379,Netaji Subhas University of Technology (NSUT),57,pdfplumber,7.097056251821626,24.5,1519536.8171021377,6,,,61045.25226977951,47965.33722438391,5206.0,1683.0,222.0,0.32328082981175565,0.042643104110641566,7158.0,514.0,40218.24797429449,164726.76222408493
2024,IR-E-C-7252,Manipal Institute of Technology,56,pdfplumber,7.82089552238806,14.166666666666666,769119.0086004691,5,,,30069.852165725046,4166.2815442561205,3900.0,2365.0,314.0,0.6064102564102564,0.08051282051282051,8968.0,708.0,17645.665477252453,190979.25858608386
2024,IR-E-I-1074,Indian Institute of Technology Delhi,2,pdfplumber,46.69080667873667,160.5,1661875.6412887338,8,,,4896265.431104356,743809.849544073,5163.0,4378.0,3807.0,0.8479566143714894,0.737361998837885,8296.0,658.0,485813.7575940212,1021527.8387576342
2024,IR-E-I-1075,Indian Institute of Technology Kanpur,4,pdfplumber,57.16553287981859,107.66666666666667,1965408.530571992,5,,,3703504.5940170935,693224.7329059829,1834.0,1949.0,2057.0,1.0627044711014177,1.1215921483097055,6123.0,624.0,209059.11590179108,1217643.8564973597
2024,IR-E-I-1441,Saveetha Institute of Medical and Technical Sciences,53,pdfplumber,34.54209065679926,17.333333333333332,389794.9720670391,6,,,,0.0,5100.0,1380.0,545.0,0.27058823529411763,0.10686274509803921,5466.0,432.0,22242.21356262959,167689.00097572876
2024,IR-E-I-1480,Thapar Institute of Engineering and Technology (Deemed-to-be-university),29,pdfplumber,10.869332189945332,48.333333333333336,1000692.3076923077,6,,,136889.81097279853,43814.0336560627,7460.0,2705.0,633.0,0.3626005361930295,0.08485254691689008,9730.0,723.0,44639.19619732785,279616.24001370335
2024,IR-E-U-0013,Indian Institute of Technology Hyderabad,8,pdfplumber,41.24260355029586,40.0,1949712.4542124541,7,,,2162783.3706467664,615321.8097014925,778.0,345.0,800.0,0.4434447300771208,1.0282776349614395,2444.0,268.0,226129.85706492089,991031.7948717948
2024,IR-E-U-0014,International Institute of Information Technology Hyderabad,47,pdfplumber,17.77777777777778,8.166666666666666,2541045.2586206896,7,,,2447350.7538461536,53585.528205128205,1271.0,638.0,168.0,0.5019669551534225,0.13217938630999213,1741.0,130.0,68996.02833620524,393563.7882443041
2024,IR-E-U-0017,Jawaharlal Nehru Technological University,88,pdfplumber,81.13956004327443,100.33333333333333,521397.11105848924,5,,,615066.479930192,611288.1884816753,2551.0,1967.0,465.0,0.7710701685613485,0.182281458251666,7029.0,382.0,73293.9349836392,372140.6566130792
2024,IR-E-U-0020,Koneru Lakshmaiah Education Foundation University (K L College of Engineering),35,pdfplumber,8.765596798242171,64.83333333333333,649385.6937056738,6,,,87248.34285714285,24200.911816578486,10062.0,3945.0,817.0,0.3920691711389386,0.0811965811965812,13248.0,945.0,20043.023047504026,148442.56534319647
2024,IR-E-U-0025,National Institute of Technology Warangal,21,pdfplumber,47.304266291608066,45.5,1240171.0709318498,6,,,254140.65555555554,48283.50714285715,3626.0,2408.0,672.0,0.6640926640926641,0.18532818532818532,5448.0,420.0,109306.58113069016,384594.262175722
2024,IR-E-U-0042,University of Hyderabad,70,pdfplumber,,18.666666666666668,1957911.111111111,6,,,1201818.1818181819,10733.333333333334,357.0,516.0,201.0,1.4453781512605042,0.5630252100840336,323.0,55.0,48751.350877192985,747871.2827657379
2024,IR-E-U-0043,"Vignan's Foundation for Science, Technology and Research",91,pdfplumber,47.735298633502225,28.166666666666668,517895.706763872,5,,,61401.12094395281,51155.91150442478,3870.0,1805.0,605.0,0.4664082687338501,0.15633074935400518,6754.0,565.0,10827.555473299773,104940.21518112723
2024,IR-E-U-0053,Indian Institute of Technology Guwahati,7,pdfplumber,35.451416468096376,109.66666666666667,1789637.1094982645,5,,,3139952.992141454,362667.721021611,1829.0,1494.0,1994.0,0.8168398031711318,1.0902132312739201,5530.0,509.0,178094.73086196504,495681.55569620256
2024,IR-E-U-0055,National Institute of Technology Silchar,40,pdfplumber,53.639514731369154,35.5,1003893.6567164179,6,,,472374.4649122807,55115.038011695906,2843.0,1380.0,645.0,0.4854027435807246,0.22687302145620822,3817.0,228.0,59621.62396297266,302757.47716356645
2024,IR-E-U-0064,Indian Institute of Technology Patna,34,pdfplumber,37.39565943238731,37.166666666666664,1948282.2655524604,6,,,1965518.0481927712,236472.1064257028,1531.0,624.0,640.0,0.4075767472240366,0.41802743305029394,2088.0,166.0,257558.5748722861,462737.6634738187
2024,IR-E-U-0072,National Institute of Technology Patna,55,pdfplumber,65.44862518089725,34.333333333333336,841347.9789103691,6,,,218163.01806239737,385694.5205254516,2487.0,1134.0,1203.0,0.4559710494571773,0.4837153196622437,3097.0,203.0,41409.87407168227,312086.3546442794
2024,IR-E-U-0092,National Institute of Technology Raipur,71,pdfplumber,56.31325301204819,40.0,822009.0687129403,8,,,106138.82295988934,132152.6694329184,2152.0,1139.0,510.0,0.529275092936803,0.23698884758364314,4388.0,241.0,29982.732528106957,217625.63179884534
2024,IR-E-U-0098,Delhi Technological University,27,pdfplumber,29.503685503685503,40.666666666666664,1254624.879658919,6,,,98913.82837528604,114513.72768878718,7836.0,2878.0,1368.0,0.3672792240939255,0.17457886676875958,10758.0,874.0,24923.046353101567,218416.59701307552
2024,IR-E-U-0099,Guru Gobind Singh Indraprastha University,89,pdfplumber,7.4174336762317274,28.0,796122.0752797559,6,,,347303.15061728394,0.0,1039.0,417.0,230.0,0.4013474494706448,0.22136669874879691,2079.0,135.0,18660.32227032227,147831.82539682538
2024,IR-E-U-0105,Indraprastha Institute of Information Technology,85,pdfplumber,2.331002331002331,11.0,1638348.544973545,5,,,1895991.9011494254,88580.82298850575,1020.0,671.0,316.0,0.657843137254902,0.30980392156862746,2542.0,145.0,59705.337267243645,308313.4994754786
2024,IR-E-U-0108,Jamia Millia Islamia,24,pdfplumber,98.79347054648687,30.166666666666668,867871.9275549806,6,,,762647.7051282051,670801.7897435898,1205.0,671.0,335.0,0.5568464730290457,0.27800829875518673,1743.0,130.0,17256.683113406005,383316.2690763052
2024,IR-E-U-0139,Indian Institute of Technology Gandhinagar,18,pdfplumber,40.123456790123456,27.333333333333332,1231294.8539638387,6,,,3277163.2373333336,314593.8666666667,715.0,331.0,562.0,0.46293706293706294,0.786013986013986,1121.0,125.0,307685.82515611063,1128452.521260779
2024,IR-E-U-0149,Sardar Vallabhbhai National Institute of Technology,59,pdfplumber,43.45114345114345,29.833333333333332,783389.4628099174,5,,,150251.73776223775,366539.30652680655,1901.0,1281.0,648.0,0.6738558653340347,0.3408732246186218,4009.0,286.0,52126.59291593914,347894.1604722707
2024,IR-E-U-0172,National Institute of Technology Kurukshetra,81,pdfplumber,57.86006360745116,25.0,985415.6458797328,6,,,165572.15555555554,281951.13333333336,3778.0,1822.0,419.0,0.4822657490735839,0.11090524086818422,5086.0,255.0,49230.21254423909,268506.613841919
2024,IR-E-U-0184,Indian Institute of Technology Mandi,31,pdfplumber,67.27726894254788,31.166666666666668,1346377.8877887789,6,,,634624.3553299493,38594.97461928934,1334.0,751.0,496.0,0.5629685157421289,0.37181409295352325,1768.0,197.0,120236.80128205128,650482.1134992458
2024,IR-E-U-0190,Shoolini University of Biotechnology and Management Sciences,92,pdfplumber,3.057757644394111,8.833333333333334,382233.28149300156,5,,,51232.5,6994.269607843137,505.0,267.0,102.0,0.5287128712871287,0.201980198019802,944.0,68.0,7210.4519774011305,69589.2436440678
2024,IR-E-U-0197,National Institute of Technology Srinagar,79,pdfplumber,68.13880126182966,26.666666666666668,805004.948045522,5,,,313199.4816384181,103639.23446327684,1450.0,821.0,368.0,0.5662068965517242,0.2537931034482759,3493.0,236.0,87751.22922034546,342773.44011833187
2024,IR-E-U-0202,Birla Institute of Technology,48,pdfplumber,14.303482587064677,22.333333333333332,897075.0506167589,5,,,279525.09559748427,57366.961006289304,1560.0,952.0,378.0,0.6102564102564103,0.2423076923076923,3592.0,265.0,58931.11015219005,302245.3350037119
2024,IR-E-U-0205,Indian Institute of Technology (Indian School of Mines) Dhanbad,15,pdfplumber,51.755651755651755,134.33333333333334,1257090.8262454434,7,,,664032.5700483092,95407.57165861512,3978.0,2634.0,1102.0,0.6621417797888386,0.27702362996480645,4826.0,414.0,121280.34887415387,522198.3617903025
2024,IR-E-U-0217,Christ University,93,pdfplumber,25.718073353954928,3.1666666666666665,472113.53711790394,6,,,13188.342059336825,4892.705061082024,2088.0,458.0,138.0,0.2193486590038314,0.06609195402298851,2381.0,191.0,54336.890942181155,164916.7405851883
2024,IR-E-U-0221,International Institute of Information Technology Bangalore,74,pdfplumber,,4.333333333333333,2166952.23880597,5,,,11919631.163522013,146451.05660377358,540.0,523.0,90.0,0.9685185185185186,0.16666666666666666,1010.0,53.0,116614.98910891089,1529776.9287128714
2024,IR-E-U-0223,"Jain University, Bangalore",95,pdfplumber,27.35562310030395,11.166666666666666,574025.0347705146,5,,,81299.20349278665,80073.79878511769,2810.0,1177.0,233.0,0.4188612099644128,0.08291814946619216,4738.0,439.0,24462.32672013508,145052.50007035318
2024,IR-E-U-0237,"National Institute of Technology Karnataka, Surathkal",17,pdfplumber,61.268143621084796,64.0,1154613.0653266332,6,,,1236080.0133333334,568525.2666666667,2799.0,2345.0,1120.0,0.8377992140050018,0.4001429081814934,5553.0,300.0,264049.380034816,461445.5155171378
2024,IR-E-U-0249,Visvesvaraya Technological University,69,pdfplumber,16.159695817490494,59.166666666666664,430705.6074766355,3,,,319838.12949640286,33691.23021582734,621.0,818.0,245.0,1.317230273752013,0.394524959742351,1471.0,139.0,181214.29526399277,405783.9814185361
2024,IR-E-U-0255,Indian Institute of Space Science and Technology,51,pdfplumber,60.806451612903224,12.166666666666666,1027099.7221324717,6,,,215846.46,76394.75,649.0,499.0,328.0,0.7688751926040062,0.5053929121725732,851.0,100.0,,830739.5945945946
2024,IR-E-U-0263,National Institute of Technology Calicut,25,pdfplumber,73.06233062330624,45.833333333333336,1055085.6253243384,6,,,291736.7354892206,25520.722222222223,3190.0,1778.0,764.0,0.5573667711598747,0.2394984326018809,4556.0,402.0,64802.289874158625,434530.57835820894
2024,IR-E-U-0273,Indian Institute of Technology Indore,16,pdfplumber,42.44229337304542,41.666666666666664,1477092.8338762214,6,,,1319004.5784313725,163007.66013071896,1279.0,709.0,610.0,0.5543393275996873,0.4769351055512119,1713.0,204.0,173829.71570344426,622611.5251994551
2024,IR-E-U-0284,Maulana Azad National Institute of Technology,72,pdfplumber,65.34802203304957,32.166666666666664,1110770.8553326293,4,,,176172.55699855697,315774.0303030303,919.0,936.0,404.0,1.0184983677910773,0.4396082698585419,4695.0,231.0,42853.010507632236,234084.24714235
2024,IR-E-U-0297,Defence Institute of Advanced Technology,63,pdfplumber,,12.666666666666666,1900352.1126760563,3,,,3033603.5114155253,2145028.1506849313,370.0,297.0,165.0,0.8027027027027027,0.44594594594594594,538.0,73.0,410102.9541511772,607790.2379182156
2024,IR-E-U-0306,Indian Institute of Technology Bombay,3,pdfplumber,40.18111688747275,187.83333333333334,1577070.3383570367,6,,,5099003.548138057,974218.1634877385,5073.0,4402.0,3987.0,0.8677311255667258,0.7859254878769959,8531.0,734.0,,890457.5603094596
2024,IR-E-U-0308,Institute of Chemical Technology,41,pdfplumber,34.21610169491525,37.666666666666664,645398.343373494,6,,,1809671.4007490636,264423.96816479403,782.0,775.0,309.0,0.9910485933503836,0.39514066496163686,2059.0,178.0,138204.82467217094,433662.512060871
2024,IR-E-U-0334,Visvesvaraya National Institute of Technology Nagpur,39,pdfplumber,22.641509433962263,30.833333333333332,978267.1277997365,6,,,523752.69863013696,622638.6347031964,3015.0,1625.0,445.0,0.538971807628524,0.14759535655058043,3925.0,292.0,100818.65333333334,354803.5543099788
2024,IR-E-U-0355,Indian Institute of Technology Bhubaneswar,54,pdfplumber,43.722707423580786,21.666666666666668,1354863.3791430881,6,,,652689.5187265917,295726.7715355805,1706.0,966.0,399.0,0.5662368112543963,0.23388042203985931,2198.0,178.0,111914.22823779193,457105.66029723996
2024,IR-E-U-0356,Kalinga Institute of Industrial Technology,37,pdfplumber,2.3070860500107475,55.666666666666664,619600.0521104742,6,,,93928.44934333958,120999.37742338961,10262.0,3763.0,1267.0,0.3666926525043851,0.12346521145975443,14181.0,1066.0,50026.94227017371,268206.54434337025
2024,IR-E-U-0357,National Institute of Technology Rourkela,19,pdfplumber,59.27710843373494,54.0,1000928.3374283374,6,,,490110.096692112,321963.5496183206,871.0,1830.0,924.0,2.1010332950631456,1.060849598163031,5439.0,393.0,,410368.04100018385
2024,IR-E-U-0363,Siksha `O` Anusandhan,26,pdfplumber,8.752264492753623,42.0,492424.73467619665,5,,,121024.46483180427,211314.9847094801,4080.0,2000.0,815.0,0.49019607843137253,0.19975490196078433,8957.0,654.0,94012.70001116446,313106.5954746753
2024,IR-E-U-0373,Chitkara University,94,pdfplumber,6.498054474708171,15.833333333333334,647506.456241033,6,,,9398.699478001492,0.0,3528.0,1470.0,323.0,0.4166666666666667,0.09155328798185941,7741.0,447.0,19088.154545063084,180964.7988201352
2024,IR-E-U-0374,Dr. B R Ambedkar National Institute of Technology Jalandhar,58,pdfplumber,48.13773717498243,23.0,778667.107875579,6,,,53816.07913669065,25342.620303756994,3956.0,1701.0,516.0,0.4299797775530839,0.13043478260869565,4687.0,417.0,27821.450110233982,234552.7987340872
2024,IR-E-U-0378,Indian Institute of Technology Ropar,22,pdfplumber,53.125,24.666666666666668,1502057.5048732944,7,,,1918838.5195530725,274709.573556797,358.0,611.0,871.0,1.7067039106145252,2.4329608938547485,1897.0,179.0,182682.76155332982,696278.1581444386
2024,IR-E-U-0379,Lovely Professional University,50,pdfplumber,19.00655205241642,42.5,586695.7655722614,7,,,15976.944444444443,18000.779900920028,3940.0,7276.0,839.0,1.8467005076142131,0.21294416243654823,18154.0,942.0,5316.421174396827,99501.17559031986
2024,IR-E-U-0384,Sant Longowal Institute of Engineering and Technology,76,pdfplumber,18.23587710604559,13.5,385772.47191011236,6,,,25503.327450980392,2580.0901960784313,821.0,307.0,140.0,0.37393422655298414,0.1705237515225335,2109.0,170.0,42728.27580211791,402190.96902165323
2024,IR-E-U-0389,Banasthali Vidyapith,78,pdfplumber,38.306451612903224,27.666666666666668,731971.3861018209,5,,,138292.2632183908,78101.88505747127,1860.0,930.0,243.0,0.5,0.13064516129032258,3037.0,290.0,41662.571067939854,243574.50554275053
2024,IR-E-U-0391,"Birla Institute of Technology and Science, Pilani",20,pdfplumber,0.07159477358152855,37.0,1635361.8906942392,5,,,272472.6060606061,28218.56639928699,5637.0,3535.0,707.0,0.6271066169948554,0.12542132339897108,12460.0,748.0,47334.6808988764,330379.9472177635
2024,IR-E-U-0395,Indian Institute of Technology Jodhpur,28,pdfplumber,44.4316877152698,10.833333333333334,1322352.389878163,6,,,1564126.87394958,356460.987394958,1531.0,704.0,734.0,0.4598301763553233,0.47942521227955587,2170.0,238.0,322573.39185867895,810356.8509984639
2024,IR-E-U-0410,Malaviya National Institute of Technology,43,pdfplumber,48.759305210918114,44.0,935451.7338331771,6,,,373838.07821901323,437474.5174488568,3027.0,1756.0,829.0,0.5801123224314503,0.2738685166831847,3974.0,277.0,40525.92509646033,324442.46242241235
2024,IR-E-U-0436,Amrita Vishwa Vidyapeetham,23,pdfplumber,33.068376840393825,21.166666666666668,552815.5791404612,5,,,623086.9411003237,107959.36731391585,5280.0,3090.0,917.0,0.5852272727272727,0.17367424242424243,11936.0,1030.0,80914.85134606791,234327.1687611707
2024,IR-E-U-0439,Anna University,14,pdfplumber,41.20186697782964,120.16666666666667,602704.5589105979,5,,,461560.7399103139,310113.3011958147,4940.0,3114.0,1489.0,0.6303643724696356,0.301417004048583,9926.0,892.0,42337.21149842165,300741.3146954127
2024,IR-E-U-0456,Indian Institute of Technology Madras,1,pdfplumber,61.35669179058871,119.5,1565568.599412341,12,,,7393780.443620178,3250245.8753709197,4386.0,2079.0,2574.0,0.4740082079343365,0.5868673050615595,6612.0,674.0,689449.207703166,1909660.9993446257
2024,IR-E-U-0458,Kalasalingam Academy of Research and Education,36,pdfplumber,45.19960409105906,42.166666666666664,575250.0637267397,5,,,31224.85421245421,177687.72600732598,2760.0,1384.0,513.0,0.5014492753623189,0.1858695652173913,6276.0,455.0,41600.40928404504,223140.2927023582
2024,IR-E-U-0467,National Institute of Technology Tiruchirappalli,9,pdfplumber,52.20724907063197,70.66666666666667,1226731.3713212274,4,,,556823.3846994536,181314.4568306011,964.0,1126.0,956.0,1.1680497925311204,0.991701244813278,5411.0,305.0,102815.39561387297,442384.530339432
2024,IR-E-U-0473,S.R.M. Institute of Science and Technology,13,pdfplumber,7.158040436996392,89.16666666666667,487983.4931965202,5,,,58985.82599959815,15612.680530440024,11040.0,4737.0,1422.0,0.4290760869565217,0.12880434782608696,21219.0,1659.0,38183.76643574155,
2024,IR-E-U-0474,Sathyabama Institute of Science and Technology,66,pdfplumber,3.336160588068985,58.0,424598.5230214649,5,,,95981.89199255122,27463.8600248293,5640.0,2507.0,582.0,0.44450354609929077,0.10319148936170212,10894.0,1074.0,44679.975552291784,126541.70635212044
2024,IR-E-U-0476,Shanmugha Arts Science Technology and Research Academy,38,pdfplumber,30.918905347727843,43.333333333333336,689748.7615003538,8,,,482618.15952732647,357805.80649926147,3984.0,3746.0,529.0,0.9402610441767069,0.13278112449799198,8381.0,677.0,141426.57137175358,165825.97144334408
2024,IR-E-U-0489,Vel Tech Rangarajan Dr. Sagunthala R & D Institute of Science and Technology,86,pdfplumber,41.94286960313999,21.166666666666668,386071.0946316299,5,,,55683.28841245534,9613.726901480348,4620.0,2459.0,472.0,0.5322510822510822,0.10216450216450217,9371.0,653.0,4194.9169423398425,73721.86945541209
2024,IR-E-U-0490,Vellore Institute of Technology,11,pdfplumber,0.7179806088701699,98.66666666666667,766757.8514186702,8,,,52295.32898739679,7061.984463276835,17700.0,15307.0,2938.0,0.8648022598870057,0.16598870056497175,43299.0,3068.0,17171.54323040563,122321.61478710055
2024,IR-E-U-0493,National Institute of Technology Agartala,82,pdfplumber,64.02938683243855,23.333333333333332,711185.3088480801,5,,,56322.56156156156,33154.42792792793,1821.0,985.0,346.0,0.5409115870400879,0.1900054914881933,3770.0,222.0,27492.814854111406,687022.8572944297
2024,IR-E-U-0496,Aligarh Muslim University,33,pdfplumber,32.751091703056765,20.166666666666668,558471.9783929777,6,,,569808.533045977,112805.7988505747,1420.0,1016.0,266.0,0.7154929577464789,0.18732394366197183,2431.0,232.0,11559.721239544768,408859.91978609626
2024,IR-E-U-0497,Amity University,30,pdfplumber,1.773879142300195,65.83333333333333,466159.59713344957,8,,,187454.81588715664,4505.156644394951,3045.0,3221.0,993.0,1.057799671592775,0.32610837438423645,5702.0,449.0,7031.638197123816,302971.0493978721
2024,IR-E-U-0516,Indian Institute of Information Technology Allahabad,87,pdfplumber,21.807580174927114,16.5,2275283.661119516,6,,,428168.72427983535,78192.71604938271,1486.0,711.0,253.0,0.4784656796769852,0.1702557200538358,2045.0,81.0,24293.724531377342,195758.1052974735
2024,IR-E-U-0530,Motilal Nehru National Institute of Technology,60,pdfplumber,53.01094890510949,36.0,1229543.6105476674,5,,,331771.9130952381,438229.5642857143,2080.0,1472.0,619.0,0.7076923076923077,0.29759615384615384,5223.0,280.0,69609.86380751804,341617.4154062161
2024,IR-E-U-0535,Rajiv Gandhi Institute of Petroleum Technology,80,pdfplumber,22.24622030237581,7.5,750782.9977628635,6,,,492201.1440677966,76759.50847457627,561.0,228.0,183.0,0.40641711229946526,0.32620320855614976,977.0,118.0,187710.7185261003,414610.8242920505
2024,IR-E-U-0555,Graphic Era University,52,pdfplumber,2.782685512367491,15.5,594642.6907980811,5,,,23195.085655314757,223757.26418988645,2340.0,1252.0,264.0,0.535042735042735,0.11282051282051282,4603.0,323.0,55494.76203924976,186936.17626185823
2024,IR-E-U-0560,Indian Institute of Technology Roorkee,6,pdfplumber,36.70973696354407,83.66666666666667,1641545.2158693115,7,,,1497289.893884892,1092579.6516786572,1238.0,1801.0,2764.0,1.4547657512116317,2.232633279483037,6465.0,556.0,188418.22614075794,664412.7064191801
2024,IR-E-U-0564,UPES,42,pdfplumber,0.47303689687795647,12.833333333333334,519120.41657626384,6,,,41156.669286182056,27027.343156516043,3505.0,1379.0,364.0,0.3934379457917261,0.10385164051355207,5698.0,509.0,19190.25441675442,359437.1464841465
2024,IR-E-U-0573,Indian Institute of Technology Kharagpur,5,pdfplumber,50.23833416959358,178.16666666666666,1481113.2117437723,9,,,1687584.6796296297,302256.00333333336,7619.0,3578.0,3676.0,0.46961543509646936,0.4824780154875968,11051.0,900.0,102421.79648900552,781722.422525865
2024,IR-E-U-0575,Jadavpur University,12,pdfplumber,56.55227774433072,61.5,973655.7135850907,5,,,702314.1807055436,401444.82217422605,2300.0,1690.0,1057.0,0.7347826086956522,0.45956521739130435,5764.0,463.0,27399.910941475824,334742.44563960214
2024,IR-E-U-0577,National Institute of Technology Durgapur,44,pdfplumber,67.09829311359623,38.833333333333336,948313.3591822347,6,,,548472.8395061728,91069.99629629629,2970.0,2069.0,685.0,0.6966329966329966,0.23063973063973064,3850.0,270.0,48845.81471861472,385278.2876190476
2024,IR-E-U-0584,"Indian Institute of Engineering Science and Technology, Shibpur",49,pdfplumber,61.45481814773154,46.333333333333336,764396.4421855146,6,,,187929.09976525823,237800.09507042254,2609.0,1277.0,831.0,0.4894595630509774,0.318512840168647,2970.0,284.0,55602.052413019075,488974.5496071829
2024,IR-E-U-0619,National Institute of Technology Meghalaya,68,pdfplumber,71.11111111111111,10.333333333333334,853018.3299389002,5,,,453971.6151202749,124614.6151202749,303.0,197.0,250.0,0.6501650165016502,0.8250825082508251,671.0,97.0,302362.1073025335,358022.56780923996
2024,IR-E-U-0621,National Institute of Technology Puducherry,97,pdfplumber,85.62564632885211,7.166666666666667,790930.6803594352,6,,,152811.82478632478,37660.679487179485,755.0,285.0,185.0,0.37748344370860926,0.24503311258278146,1003.0,78.0,147407.18178796943,209942.65171153206
2024,IR-E-U-0622,National Institute of Technology Delhi,45,pdfplumber,77.30870712401055,7.833333333333333,1288713.8103161398,5,,,253611.81960784315,25869.137254901958,364.0,227.0,103.0,0.6236263736263736,0.28296703296703296,902.0,85.0,119078.12195121951,434831.9153732447
2024,IR-E-U-0701,Indian Institute of Technology (Banaras Hindu University) Varanasi,10,pdfplumber,67.95955577656224,66.66666666666667,1760134.3242499311,7,,,795342.5249343832,494222.6500437445,5318.0,2551.0,1045.0,0.4796916133884919,0.19650244452801804,6764.0,381.0,58801.313522570475,468683.1614922137
2024,IR-E-U-0739,Madan Mohan Malaviya University of Technology,84,pdfplumber,73.0,14.0,581486.6675307842,6,,,181072.3042876902,80511.26417704011,2436.0,1300.0,258.0,0.5336617405582923,0.10591133004926108,3235.0,241.0,41294.22802679032,163392.8007212777
2024,IR-E-U-0747,Chandigarh University,32,pdfplumber,15.006548031738696,45.166666666666664,733888.3521202361,6,,,45283.358606557376,54906.16803278688,9964.0,3618.0,621.0,0.3631071858691289,0.0623243677238057,13443.0,976.0,61774.004041756554,155651.2234372288
2024,IR-E-U-0749,"Manipal University, Jaipur",64,pdfplumber,0.607945709034356,11.333333333333334,582811.2118713933,6,,,99965.01748448957,4324.9853355893965,5034.0,1279.0,318.0,0.25407230830353594,0.0631704410011919,7111.0,591.0,13163.383021609714,144857.24028500446
2024,IR-E-U-0844,Indian Institute of Technology Tirupati,61,pdfplumber,59.50704225352113,1.3333333333333333,1257021.484375,4,,,664383.3445378151,257917.66106442577,203.0,191.0,149.0,0.9408866995073891,0.7339901477832512,1019.0,119.0,299915.1609421001,588683.6424599279
2024,IR-E-U-0878,Indian Institute of Technology Palakkad,64,pdfplumber,51.95618153364632,2.5,1105804.7945205478,6,,,801593.532808399,142809.68241469818,645.0,316.0,157.0,0.48992248062015503,0.2434108527131783,815.0,127.0,311955.927607362,459638.9079754601
2024,IR-E-U-0906,Indian Institute of Technology Jammu,62,pdfplumber,26.275510204081634,3.3333333333333335,1457638.036809816,6,,,949014.16954023,243782.5574712644,458.0,244.0,245.0,0.5327510917030568,0.5349344978165939,933.0,116.0,1175567.8374419434,602808.1639871383
2024,IR-E-U-0946,Indian Institute of Technology Bhilai,73,pdfplumber,47.392638036809814,1.6666666666666667,1270609.756097561,6,,,2263138.075117371,530595.3755868544,522.0,171.0,108.0,0.3275862068965517,0.20689655172413793,698.0,71.0,5149950.960840496,448486.27125119383
2025,IR-E-C-1331,M. S. Ramaiah Institute of Technology,75,pdfplumber,29.933527212297466,22.333333333333332,711196.7938087342,5,,,73229.93802345058,23528.23701842546,2340.0,1128.0,357.0,0.48205128205128206,0.15256410256410258,5040.0,398.0,25039.10138888889,215813.68015873016
2025,IR-E-C-16604,Sri Sivasubramaniya Nadar College of Engineering,47,pdfplumber,59.543683917640514,36.333333333333336,795480.6669031571,5,,,162122.6598039216,52417.98333333333,1560.0,848.0,480.0,0.5435897435897435,0.3076923076923077,3757.0,340.0,31426.903557803213,314324.55318960163
2025,IR-E-C-24004,AU College of Engineering (A),88,pdfplumber,95.92696629213484,74.33333333333333,641988.4020618557,5,,,55758.68320610687,342718.11832061067,1060.0,1040.0,138.0,0.9811320754716981,0.13018867924528302,3148.0,262.0,276010.8137441762,397412.4450444727
2025,IR-E-C-37013,PSG College of Technology,67,pdfplumber,21.757463315904875,27.666666666666668,673059.0652953839,7,,,112362.27136752137,12352.651709401709,4675.0,2541.0,346.0,0.5435294117647059,0.07401069518716577,6232.0,468.0,19393.453145057767,155707.07440094138
2025,IR-E-C-6379,Netaji Subhas University of Technology (NSUT),70,pdfplumber,29.94459833795014,25.833333333333332,1627670.1323251417,6,,,16657.017274472168,50638.962252079335,5907.0,2164.0,296.0,0.3663450143897071,0.05011003893685458,7498.0,521.0,51135.17364630568,199663.50275629057
2025,IR-E-C-7252,Manipal Institute of Technology,59,pdfplumber,5.008509603695599,17.666666666666668,830848.6619032153,5,,,46583.44308390022,4891.531972789116,4320.0,2485.0,472.0,0.5752314814814815,0.10925925925925926,9116.0,735.0,29755.3343571742,204085.81077226854
2025,IR-E-I-1074,Indian Institute of Technology Delhi,2,pdfplumber,46.14754098360656,187.66666666666666,1710042.871587462,8,,,5279804.476120139,771117.8257016249,5392.0,4494.0,3412.0,0.8334569732937686,0.6327893175074184,6897.0,677.0,595243.3240539365,1398115.6535208547
2025,IR-E-I-1075,Indian Institute of Technology Kanpur,4,pdfplumber,52.692960135708226,111.66666666666667,1932764.7581003108,5,,,3783643.7535981582,1264790.3281519862,2137.0,2175.0,2111.0,1.0177819372952737,0.9878334113242864,6432.0,579.0,215657.6958955224,1277380.3741708125
2025,IR-E-I-1441,Saveetha Institute of Medical and Technical Sciences,45,pdfplumber,26.580027359781123,32.666666666666664,428717.98984228814,5,,,83332.27267847558,52400.16264090177,3210.0,1350.0,645.0,0.4205607476635514,0.20093457943925233,7646.0,621.0,24059.49441974017,146949.06077251723
2025,IR-E-I-1480,Thapar Institute of Engineering and Technology (Deemed-to-be-university),29,pdfplumber,12.639920752847944,52.833333333333336,1057462.0328849028,6,,,137488.82808937528,48046.53579571363,7695.0,2460.0,495.0,0.31968810916179335,0.06432748538011696,10484.0,731.0,55201.50693119674,316811.18679257284
2025,IR-E-U-0013,Indian Institute of Technology Hyderabad,7,pdfplumber,31.3585291113381,43.5,2035349.5440729484,7,,,2728612.41607565,715050.8676122931,937.0,456.0,876.0,0.48665955176093917,0.9348986125933831,2818.0,282.0,228359.20298083746,1020851.0841022001
2025,IR-E-U-0014,International Institute of Information Technology Hyderabad,38,pdfplumber,17.97752808988764,13.166666666666666,2711349.7536945813,7,,,2865236.510638298,78499.43498817968,1271.0,673.0,168.0,0.5295043273013376,0.13217938630999213,1621.0,141.0,86708.70306395229,572424.1161834259
2025,IR-E-U-0020,Koneru Lakshmaiah Education Foundation University (K L College of Engineering),35,pdfplumber,8.975655285058723,73.66666666666667,767361.9310500225,6,,,99626.69922151451,33264.89455060156,9912.0,3685.0,941.0,0.371771589991929,0.09493543179983858,13271.0,942.0,29629.67106221586,184932.8926230126
2025,IR-E-U-0025,National Institute of Technology Warangal,28,pdfplumber,50.468441814595664,49.166666666666664,1341114.8936170214,6,,,369278.91624790616,63641.42462311558,3611.0,2207.0,833.0,0.6111880365549709,0.23068402104680144,5097.0,398.0,71297.22045647768,466244.7376888366
2025,IR-E-U-0042,University of Hyderabad,74,pdfplumber,,20.166666666666668,659921.4659685864,6,,,1424773.2598870057,22717.514124293783,392.0,413.0,192.0,1.0535714285714286,0.4897959183673469,284.0,59.0,93557.61737089201,872810.7887323943
2025,IR-E-U-0043,"Vignan's Foundation for Science, Technology and Research",80,pdfplumber,47.352609838527975,30.5,480457.76145370194,5,,,60063.87978142076,94077.00546448088,3630.0,1753.0,655.0,0.4829201101928375,0.18044077134986225,8260.0,610.0,15405.583656174334,104127.64192897499
2025,IR-E-U-0053,Indian Institute of Technology Guwahati,8,pdfplumber,37.99182422074604,123.66666666666667,1809664.610866373,5,,,3006445.8079710146,557943.2449275362,1880.0,1798.0,2320.0,0.9563829787234043,1.2340425531914894,5413.0,460.0,211745.57922285853,516224.12162078946
2025,IR-E-U-0055,National Institute of Technology Silchar,50,pdfplumber,46.33730834752981,39.833333333333336,1082481.865284974,6,,,514354.86251621274,43705.93774319066,2843.0,1304.0,646.0,0.4586704185719311,0.227224762574745,3841.0,257.0,62986.38609737048,333948.72047209926
2025,IR-E-U-0064,Indian Institute of Technology Patna,19,pdfplumber,72.7591387080621,52.5,2135945.0726979,6,,,2383580.381313131,359420.63383838383,1787.0,727.0,742.0,0.4068270844991606,0.4152210408505876,2407.0,264.0,292465.0261736602,496735.3931588422
2025,IR-E-U-0072,National Institute of Technology Patna,53,pdfplumber,87.57785467128028,55.0,833810.4417670682,6,,,299886.7475915222,491686.60886319843,2516.0,1101.0,1342.0,0.4375993640699523,0.5333863275039745,3125.0,173.0,29663.070186666664,332894.65941333334
2025,IR-E-U-0092,"National Institute of Technology, Raipur",86,pdfplumber,57.24254090471607,41.666666666666664,877288.0783519081,7,,,107994.79534313724,141876.15073529413,2255.0,1105.0,658.0,0.49002217294900224,0.2917960088691796,4395.0,272.0,27694.416609783846,241195.89738339023
2025,IR-E-U-0098,Delhi Technological University,30,pdfplumber,13.642028568689483,65.66666666666667,1329964.3729641694,5,,,85171.34092634775,117526.40129081244,5058.0,2784.0,1309.0,0.5504151838671412,0.25879794385132465,10938.0,878.0,32035.809258243433,222453.49896385687
2025,IR-E-U-0105,Indraprastha Institute of Information Technology,63,pdfplumber,9.838274932614555,12.666666666666666,1748403.2946918854,5,,,1537979.096014493,126484.39492753624,960.0,683.0,342.0,0.7114583333333333,0.35625,2691.0,184.0,50098.88789793138,367271.5663322185
2025,IR-E-U-0108,Jamia Millia Islamia,24,pdfplumber,90.52706552706553,32.833333333333336,1135842.7835051545,6,,,928520.9669211196,843901.1653944021,1224.0,679.0,367.0,0.5547385620915033,0.29983660130718953,1750.0,131.0,22915.889333333336,523383.5059047619
2025,IR-E-U-0139,Indian Institute of Technology Gandhinagar,25,pdfplumber,36.92579505300353,25.333333333333332,1435586.3509749305,6,,,4380941.29004329,408267.84632034635,805.0,400.0,595.0,0.4968944099378882,0.7391304347826086,1495.0,154.0,218012.66510590859,998358.5855072463
2025,IR-E-U-0149,Sardar Vallabhbhai National Institute of Technology,66,pdfplumber,37.61746821448314,36.166666666666664,845605.6552143509,6,,,236794.35100117786,541043.5853945818,3349.0,1574.0,587.0,0.46999104210212006,0.17527620185129889,4187.0,283.0,84458.70774619855,361666.7864023565
2025,IR-E-U-0172,National Institute of Technology Kurukshetra,85,pdfplumber,60.30117852466172,26.666666666666668,991813.3367662204,6,,,304678.2752902156,400265.8325041459,3974.0,1839.0,422.0,0.46275792652239556,0.10619023653749371,5064.0,201.0,41138.21024223275,287841.9506319115
2025,IR-E-U-0184,Indian Institute of Technology Mandi,26,pdfplumber,50.03538570417551,29.5,1405952.380952381,6,,,879998.3902053713,74096.67614533965,1302.0,1118.0,720.0,0.858678955453149,0.5529953917050692,1928.0,211.0,146872.34059474414,832869.8418049793
2025,IR-E-U-0197,National Institute of Technology Srinagar,73,pdfplumber,87.02090592334494,33.5,976498.643761302,5,,,505795.2132132132,96241.01651651652,1677.0,971.0,360.0,0.5790101371496721,0.2146690518783542,3791.0,222.0,73319.05416336938,365130.07922272047
2025,IR-E-U-0202,Birla Institute of Technology,51,pdfplumber,17.057142857142857,23.0,957638.8019323671,5,,,338697.58809523814,106201.55595238095,1560.0,931.0,434.0,0.5967948717948718,0.2782051282051282,3723.0,280.0,59684.78905900259,355652.97734801687
2025,IR-E-U-0205,Indian Institute of Technology (Indian School of Mines),15,pdfplumber,52.47113163972286,165.66666666666666,1310741.0611303344,7,,,723017.3877995643,180644.96005809732,4054.0,2686.0,1372.0,0.6625555007400099,0.3384311790823878,5073.0,459.0,103954.51632827386,568662.4726986004
2025,IR-E-U-0207,"National Institute of Technology, Jamshedpur",82,pdfplumber,70.45988586774085,29.0,1031261.2403100776,5,,,501125.7948717949,24862.686274509804,1502.0,1024.0,278.0,0.681757656458056,0.18508655126498003,3269.0,221.0,70516.06791067605,344695.2774548792
2025,IR-E-U-0217,Christ University,76,pdfplumber,15.126676602086437,3.1666666666666665,518744.6504992867,6,,,11828.450617283952,8286.078703703704,2184.0,541.0,132.0,0.24771062271062272,0.06043956043956044,2802.0,216.0,30822.172019985723,195546.00023792527
2025,IR-E-U-0221,International Institute of Information Technology Bangalore,69,pdfplumber,,5.333333333333333,2292572.661870504,5,,,10637442.623376623,106120.68398268399,600.0,539.0,94.0,0.8983333333333333,0.15666666666666668,1036.0,77.0,128325.7380952381,1374217.9507722007
2025,IR-E-U-0223,"Jain university,Bangalore",84,pdfplumber,28.08870116156283,10.833333333333334,669514.4101876676,6,,,102347.85369532429,99239.58069381598,3963.0,1147.0,243.0,0.2894272016149382,0.061317183951551855,4870.0,442.0,30601.71752224504,174854.40793976726
2025,IR-E-U-0237,"National Institute of Technology Karnataka, Surathkal",17,pdfplumber,63.10509154752947,67.16666666666667,1237495.395159563,6,,,894261.733122363,655589.0284810127,2799.0,2451.0,887.0,0.8756698821007503,0.3168988924615934,5501.0,316.0,302916.41307641036,520171.8033084894
2025,IR-E-U-0255,Indian Institute of Space Science and Technology,61,pdfplumber,49.438202247191015,15.5,1028126.8623853211,6,,,290715.9061488673,153279.58252427186,755.0,504.0,365.0,0.6675496688741722,0.48344370860927155,887.0,103.0,,920866.0375798573
2025,IR-E-U-0263,National Institute of Technology Calicut,21,pdfplumber,77.38187451587916,45.5,1139560.7529948659,5,,,338778.4884579871,37871.4783010157,1840.0,1350.0,843.0,0.7336956521739131,0.45815217391304347,4745.0,361.0,104056.59803301722,505542.62606252194
2025,IR-E-U-0273,Indian Institute of Technology Indore,12,pdfplumber,45.73490813648294,43.0,1601237.3134328357,6,,,1533926.673944687,279657.4192139738,1350.0,765.0,674.0,0.5666666666666667,0.49925925925925924,1987.0,229.0,155386.07062573393,645151.6492199296
2025,IR-E-U-0284,Maulana Azad National Institute of Technology,81,pdfplumber,62.912764908822076,26.833333333333332,1128767.9083094555,4,,,242696.39543726237,337124.14448669204,1021.0,1012.0,475.0,0.9911851126346719,0.465230166503428,4626.0,263.0,70705.49034443003,283730.925205361
2025,IR-E-U-0306,Indian Institute of Technology Bombay,3,pdfplumber,45.35310058982943,224.33333333333334,1717575.9261318506,6,,,5955754.442760943,1227444.4473905724,5292.0,4675.0,3989.0,0.8834089191232048,0.7537792894935752,8826.0,792.0,,1113945.514540373
2025,IR-E-U-0308,Institute of Chemical Technology,41,pdfplumber,32.87234042553192,29.833333333333332,723058.0688723836,7,,,2170263.3515482694,308863.3661202186,782.0,752.0,389.0,0.9616368286445013,0.49744245524296676,2090.0,183.0,132124.73572567783,477782.8642743222
2025,IR-E-U-0329,Symbiosis International,46,pdfplumber,4.263402279442803,41.166666666666664,718963.9639639639,5,,,116190.55373406192,6938.675774134791,1140.0,492.0,270.0,0.43157894736842106,0.23684210526315788,2505.0,183.0,46679.560878243516,264463.9248170326
2025,IR-E-U-0334,"Visvesvaraya National Institute of Technology, Nagpur",44,pdfplumber,46.59863945578231,38.5,985631.2759833706,6,,,501795.7744360902,798039.522556391,2999.0,1478.0,538.0,0.4928309436478826,0.17939313104368124,3685.0,266.0,88082.25011307102,463721.6574400724
2025,IR-E-U-0355,Indian Institute of Technology Bhubaneswar,39,pdfplumber,47.961884595023825,27.333333333333332,1375488.1038211968,7,,,799430.8805970149,392995.36650082923,1779.0,972.0,450.0,0.5463743676222597,0.25295109612141653,2281.0,201.0,111804.08943445857,546089.6390472016
2025,IR-E-U-0356,Kalinga Institute of Industrial Technology,36,pdfplumber,14.134094568877178,67.5,647794.6902654867,6,,,381435.9675324675,213691.55287569572,10112.0,3697.0,1306.0,0.36560522151898733,0.12915348101265822,13886.0,1078.0,59636.786115512026,351736.2879638965
2025,IR-E-U-0357,National Institute of Technology Rourkela,13,pdfplumber,59.476490547746,67.0,1269462.8008752735,6,,,458854.64598842023,640823.6724565757,988.0,2138.0,940.0,2.1639676113360324,0.951417004048583,5332.0,403.0,,477225.22905726434
2025,IR-E-U-0363,Siksha `O` Anusandhan,22,pdfplumber,8.755020080321286,54.0,548173.1120029186,5,,,109523.27221438647,215373.7658674189,4020.0,1925.0,769.0,0.47885572139303484,0.19129353233830845,10085.0,709.0,104884.70104115023,326004.7425549496
2025,IR-E-U-0373,Chitkara University,89,pdfplumber,7.038369304556355,17.5,671739.9428445812,6,,,10859.684007707128,13120.398843930636,4455.0,2040.0,303.0,0.45791245791245794,0.06801346801346801,8385.0,519.0,13707.033432717153,203262.21935996818
2025,IR-E-U-0374,"Dr. B R Ambedkar National Institute of Technology, Jalandhar",55,pdfplumber,48.8898856245795,26.666666666666668,892991.4277268696,6,,,117690.3543240974,50698.61544920235,3980.0,1651.0,478.0,0.4148241206030151,0.12010050251256281,4856.0,397.0,48603.728514552444,273055.5630834706
2025,IR-E-U-0378,Indian Institute of Technology Ropar,32,pdfplumber,49.73579920739762,38.5,1669223.3183856502,7,,,2396675.4125230205,360434.62062615104,386.0,675.0,973.0,1.7487046632124352,2.5207253886010363,1884.0,181.0,300002.3266100496,743079.5244161359
2025,IR-E-U-0379,Lovely Professional University,48,pdfplumber,16.03540772532189,56.0,721296.489603502,8,,,19050.268956979264,19043.214484679665,7280.0,8272.0,660.0,1.1362637362637362,0.09065934065934066,18880.0,1077.0,5558.514230225989,97056.634375
2025,IR-E-U-0384,Sant Longowal Institute of Engineering & Technology,79,pdfplumber,25.87991718426501,12.0,400131.1563169165,6,,,19888.207100591717,4319.357001972387,821.0,348.0,141.0,0.4238733252131547,0.17174177831912302,2012.0,169.0,44509.29870775348,449000.0384360504
2025,IR-E-U-0389,Banasthali Vidyapith,71,pdfplumber,31.595677050222505,29.333333333333332,859752.7577025485,5,,,156547.98824786325,96548.17414529914,1860.0,854.0,231.0,0.4591397849462366,0.12419354838709677,3187.0,312.0,40462.843008053555,267341.0456019245
2025,IR-E-U-0391,Birla Institute of Technology & Science -Pilani,11,pdfplumber,0.8011444921316166,42.5,1801338.2899628254,5,,,302895.27530864195,44056.29670781893,5497.0,3470.0,852.0,0.6312534109514281,0.15499363289066764,11607.0,810.0,85987.43404841906,476688.8730651044
2025,IR-E-U-0395,Indian Institute of Technology Jodhpur,27,pdfplumber,44.66321243523316,10.5,1369689.84962406,4,,,1582298.2883506343,520984.48673587077,980.0,456.0,920.0,0.46530612244897956,0.9387755102040817,2395.0,289.0,329354.2530271399,988751.5869171885
2025,IR-E-U-0410,Malaviya National Institute of Technology,42,pdfplumber,46.11694152923538,50.333333333333336,1011439.3026941363,6,,,660419.9603658536,341501.80386178865,2965.0,1611.0,819.0,0.5433389544688026,0.27622259696458684,3966.0,328.0,56465.18683812406,368372.4373003866
2025,IR-E-U-0436,Amrita Vishwa Vidyapeetham,23,pdfplumber,21.082235671057315,30.333333333333332,675898.5359251968,5,,,651265.2070566388,114055.7799442897,5820.0,3176.0,1110.0,0.5457044673539518,0.19072164948453607,14786.0,1077.0,104211.56684250868,263590.3999729474
2025,IR-E-U-0439,Anna University,20,pdfplumber,42.36917013356689,118.0,690211.5976965314,5,,,442909.2628759786,468953.23156159866,4760.0,2458.0,1736.0,0.5163865546218488,0.36470588235294116,10458.0,809.0,28576.810129406513,326007.1938866577
2025,IR-E-U-0456,Indian Institute of Technology Madras,1,pdfplumber,50.47120418848168,137.66666666666666,1637854.235162374,12,,,9964052.534013605,4257167.674927114,4479.0,2802.0,1998.0,0.6255860683188211,0.44608171466845276,6453.0,686.0,922021.3301306885,2259450.2199493777
2025,IR-E-U-0458,Kalasalingam Academy of Research and Education,33,pdfplumber,48.88178913738019,49.0,616899.2874109264,5,,,33345.547375596456,113745.08043626448,3060.0,1563.0,517.0,0.5107843137254902,0.16895424836601308,6792.0,489.0,41101.19891048292,225421.07449941107
2025,IR-E-U-0467,National Institute of Technology Tiruchirappalli,9,pdfplumber,52.134359692092374,74.16666666666667,1342054.5043772946,4,,,419743.4677083333,208926.54895833333,964.0,1081.0,821.0,1.1213692946058091,0.8516597510373444,5296.0,320.0,122176.54097432025,521967.05765357503
2025,IR-E-U-0473,S.R.M. Institute of Science and Technology,14,pdfplumber,7.029357620385621,119.83333333333333,561390.2492507858,5,,,72559.72707204496,16130.560505719446,10445.0,4957.0,1494.0,0.474581139301101,0.1430349449497367,21646.0,1661.0,41637.85858819181,285132.56689457636
2025,IR-E-U-0474,Sathyabama Institute of Science and Technology,67,pdfplumber,12.914438502673796,46.333333333333336,520180.7268702966,5,,,119193.09340659341,28918.62545787546,5520.0,3086.0,808.0,0.5590579710144927,0.1463768115942029,11511.0,1092.0,57012.62082645586,126222.93420785916
2025,IR-E-U-0476,Shanmugha Arts Science Technology & Research Academy,40,pdfplumber,32.66034578918015,57.0,748942.9440171705,7,,,441602.04411764705,431828.59264705883,2016.0,3790.0,764.0,1.8799603174603174,0.37896825396825395,9369.0,680.0,119730.36243640375,209504.59213007436
2025,IR-E-U-0489,Vel Tech Rangarajan Dr. Sagunthala R & D Institute of Science and Technology,87,pdfplumber,27.097865144789687,26.333333333333332,397697.33288318705,5,,,80356.56083086053,12150.98862512364,4440.0,1800.0,586.0,0.40540540540540543,0.131981981981982,9678.0,674.0,7146.588723565475,95617.83347110284
2025,IR-E-U-0490,Vellore Institute of Technology,16,pdfplumber,0.789832299691298,106.66666666666667,848761.7267023972,8,,,67559.64922849291,9308.870006341154,18120.0,14991.0,2912.0,0.827317880794702,0.16070640176600443,44865.0,3154.0,24310.251963297298,146761.7098554924
2025,IR-E-U-0496,Aligarh Muslim University,34,pdfplumber,35.619351408825096,21.833333333333332,574968.9578713969,5,,,354129.4946236559,159477.73732718895,730.0,736.0,233.0,1.0082191780821919,0.31917808219178084,2449.0,217.0,12946.868381652375,480213.05866340006
2025,IR-E-U-0497,Amity University,37,pdfplumber,1.758198340576847,70.5,544090.0,8,,,213193.62184189077,5868.111654441727,2770.0,2765.0,1003.0,0.9981949458483754,0.36209386281588446,5589.0,409.0,11984.22383252818,
2025,IR-E-U-0530,Motilal Nehru National Institute of Technology,62,pdfplumber,73.41633901266928,34.833333333333336,1242202.632232431,6,,,319120.02926208655,327107.1030534351,3817.0,1906.0,605.0,0.4993450353680901,0.1585014409221902,5227.0,262.0,59068.86161596837,374651.1191250558
2025,IR-E-U-0535,Rajiv Gandhi Institute of Petroleum Technology,78,pdfplumber,16.54441727791361,9.166666666666666,791958.7628865979,5,,,661470.5677966102,71796.46610169491,389.0,226.0,230.0,0.5809768637532133,0.5912596401028277,1284.0,118.0,164225.83826583595,409282.20456905506
2025,IR-E-U-0555,Graphic Era University,52,pdfplumber,5.999571459181487,9.166666666666666,573163.5612855008,5,,,23533.203703703704,186194.6435185185,2220.0,1159.0,274.0,0.5220720720720721,0.12342342342342343,4758.0,360.0,46062.5859604876,195244.60599691747
2025,IR-E-U-0560,Indian Institute of Technology Roorkee,6,pdfplumber,47.48991483639624,77.0,1747203.3184092704,7,,,1621999.168607876,1293647.7570715474,1461.0,2056.0,2824.0,1.4072553045859,1.9329226557152634,6857.0,601.0,261212.18496913128,734941.7193135967
2025,IR-E-U-0564,UPES,43,pdfplumber,0.7438400743840075,12.333333333333334,588711.2249650676,6,,,52318.70757880617,30358.571428571428,4160.0,1926.0,259.0,0.46298076923076925,0.062259615384615385,6579.0,497.0,26741.3805542889,389372.2117849724
2025,IR-E-U-0573,Indian Institute of Technology Kharagpur,5,pdfplumber,48.72132105801549,202.33333333333334,1643340.3574788335,7,,,1975187.1420890936,403337.6378648234,6502.0,3652.0,3409.0,0.5616733312826823,0.5243002153183636,9334.0,868.0,158267.17105921006,994100.7913006213
2025,IR-E-U-0575,Jadavpur University,18,pdfplumber,61.00966702470462,66.0,995103.6770804534,5,,,491807.71221981203,534003.5748373102,2300.0,1469.0,1072.0,0.638695652173913,0.46608695652173915,5663.0,461.0,22549.341985990937,362467.9476720231
2025,IR-E-U-0577,National Institute of Technology Durgapur,49,pdfplumber,65.28571428571429,41.166666666666664,1079355.7788944724,6,,,630690.2402826855,96350.17432273262,2985.0,2138.0,614.0,0.716247906197655,0.20569514237855946,3855.0,283.0,49411.1083441418,407751.78063121485
2025,IR-E-U-0584,"Indian Institute of Engineering Science and Technology, Shibpur",54,pdfplumber,53.03907380607815,42.666666666666664,797764.7058823529,6,,,229984.7240143369,183878.3799283154,2646.0,1212.0,747.0,0.4580498866213152,0.282312925170068,2999.0,279.0,71762.55518506169,537784.661331555
2025,IR-E-U-0619,National Institute of Technology Meghalaya,83,pdfplumber,73.4375,11.333333333333334,968903.0303030303,5,,,472032.2327044025,189199.23270440253,318.0,177.0,268.0,0.5566037735849056,0.8427672955974843,677.0,106.0,339227.8788774003,451505.30526834074
2025,IR-E-U-0622,National Institute of Technology Delhi,65,pdfplumber,72.43947858472998,10.5,1501764.127243067,5,,,622511.5892857143,119552.47023809524,364.0,254.0,71.0,0.6978021978021978,0.19505494505494506,1262.0,56.0,339545.23692551506,423979.1843634443
2025,IR-E-U-0701,Indian Institute of Technology (Banaras Hindu University) Varanasi,10,pdfplumber,76.32941176470588,90.5,1838049.107142857,6,,,926149.2207678882,623324.1605584642,5578.0,2863.0,1196.0,0.5132664037289351,0.21441376837576193,7195.0,382.0,,490607.9839240213
2025,IR-E-U-0739,Madan Mohan Malaviya University of Technology,60,pdfplumber,73.00653594771242,35.5,853827.0594744121,5,,,419981.7229080933,374636.1920438958,1500.0,891.0,316.0,0.594,0.21066666666666667,3276.0,243.0,68057.87718762718,266812.287037037
2025,IR-E-U-0747,Chandigarh University,31,pdfplumber,13.543191800878477,46.166666666666664,778841.1789652248,6,,,93500.7013680347,47319.58625291958,10002.0,3587.0,504.0,0.35862827434513095,0.05038992201559688,14130.0,999.0,61067.23444208539,149439.45449398443
2025,IR-E-U-0749,Manipal University Jaipur,58,pdfplumber,0.9731809437591943,12.5,688564.032016008,6,,,148726.97011849564,4693.425038639876,6084.0,1524.0,395.0,0.2504930966469428,0.06492439184746877,8867.0,647.0,25447.244690049247,156629.52122100673
2025,IR-E-U-0844,"Indian Institute of Technology, Tirupati",57,pdfplumber,59.05077262693157,2.0,1282759.3984962406,5,,,951854.9166666667,290134.3817204301,474.0,311.0,175.0,0.6561181434599156,0.3691983122362869,1086.0,124.0,764777.2986494782,685032.8907305095
2025,IR-E-U-0878,Indian Institute of Technology Palakkad,64,pdfplumber,51.051051051051054,4.166666666666667,1157338.2352941176,6,,,930509.0846153846,254660.00256410256,657.0,333.0,205.0,0.5068493150684932,0.3120243531202435,866.0,130.0,318486.11200923787,527332.1281755196
2025,IR-E-U-0899,Indian Institute of Technology Dharwad,77,pdfplumber,48.724179829890645,3.8333333333333335,1296901.4084507043,7,,,1036904.7619047619,45964.28571428572,760.0,171.0,152.0,0.225,0.2,911.0,112.0,369090.9257226491,441324.9897548482
2025,IR-E-U-0906,Indian Institute of Technology Jammu,56,pdfplumber,42.285041224970556,5.833333333333333,1487116.8831168832,6,,,1806165.874396135,291815.27536231885,485.0,185.0,213.0,0.38144329896907214,0.43917525773195876,1071.0,138.0,1054862.9635854342,676648.6137566138
2025,IR-E-U-0946,Indian Institute of Technology Bhilai,72,pdfplumber,44.042838018741634,2.8333333333333335,1310065.5021834061,6,,,3723890.4112554113,733994.1688311688,599.0,218.0,86.0,0.3639398998330551,0.14357262103505844,835.0,77.0,4938240.434730539,542884.9201596807
2025,IR-E-U-1257,COEP Technological University,90,pdfplumber,54.33842605938311,19.166666666666668,925368.7521845509,5,,,897900.5974576271,533019.9435028249,1140.0,1024.0,288.0,0.8982456140350877,0.25263157894736843,4040.0,236.0,90288.69207920792,334449.9788778878
