year,institute_id,name,rank,parameter,family,strategy,actual_rel,predicted_rel,actual_abs,predicted_abs,escs_pct,fppp_consultancy_per_faculty,fppp_sponsored_per_faculty,fru_capital_per_student,fru_operational_per_student,gms_median_salary,gphd_avg,ss_x1,ss_x2
2025,IR-E-U-0456,Indian Institute of Technology Madras,1.0,ESCS,Isotonic,pooled,0.383,0.34385714285714286,7.66,6.877142857142857,50.47120418848168,,,,,,,,
2025,IR-E-I-1074,Indian Institute of Technology Delhi,2.0,ESCS,Isotonic,pooled,0.3625,0.3225769230769231,7.25,6.451538461538462,46.14754098360656,,,,,,,,
2025,IR-E-U-0306,Indian Institute of Technology Bombay,3.0,ESCS,Isotonic,pooled,0.2685,0.3164166666666667,5.37,6.328333333333333,45.35310058982943,,,,,,,,
2025,IR-E-I-1075,Indian Institute of Technology Kanpur,4.0,ESCS,Isotonic,pooled,0.3605,0.37838461538461543,7.21,7.567692307692308,52.692960135708226,,,,,,,,
2025,IR-E-U-0573,Indian Institute of Technology Kharagpur,5.0,ESCS,Isotonic,pooled,0.39,0.3225769230769231,7.8,6.451538461538462,48.72132105801549,,,,,,,,
2025,IR-E-U-0560,Indian Institute of Technology Roorkee,6.0,ESCS,Isotonic,pooled,0.3685,0.3225769230769231,7.37,6.451538461538462,47.48991483639624,,,,,,,,
2025,IR-E-U-0013,Indian Institute of Technology Hyderabad,7.0,ESCS,Isotonic,pooled,0.22949999999999998,0.20287500000000006,4.59,4.057500000000001,31.3585291113381,,,,,,,,
2025,IR-E-U-0053,Indian Institute of Technology Guwahati,8.0,ESCS,Isotonic,pooled,0.304,0.23527272727272724,6.08,4.705454545454545,37.99182422074604,,,,,,,,
2025,IR-E-U-0467,National Institute of Technology Tiruchirappalli,9.0,ESCS,Isotonic,pooled,0.41050000000000003,0.37838461538461543,8.21,7.567692307692308,52.134359692092374,,,,,,,,
2025,IR-E-U-0701,Indian Institute of Technology (Banaras Hindu University) Varanasi,10.0,ESCS,Isotonic,pooled,0.522,0.4871363636363636,10.44,9.742727272727272,76.32941176470588,,,,,,,,
2025,IR-E-U-0391,Birla Institute of Technology & Science -Pilani,11.0,ESCS,Isotonic,pooled,0.006500000000000001,0.006500000000000001,0.13,0.13,0.8011444921316166,,,,,,,,
2025,IR-E-U-0273,Indian Institute of Technology Indore,12.0,ESCS,Isotonic,pooled,0.34249999999999997,0.3164166666666667,6.85,6.328333333333333,45.73490813648294,,,,,,,,
2025,IR-E-U-0357,National Institute of Technology Rourkela,13.0,ESCS,Isotonic,pooled,0.4565,0.3787857142857143,9.13,7.575714285714286,59.476490547746,,,,,,,,
2025,IR-E-U-0473,S.R.M. Institute of Science and Technology,14.0,ESCS,Isotonic,pooled,0.05500000000000001,0.04866666666666667,1.1,0.9733333333333334,7.029357620385621,,,,,,,,
2025,IR-E-U-0205,Indian Institute of Technology (Indian School of Mines),15.0,ESCS,Isotonic,pooled,0.3955,0.37838461538461543,7.91,7.567692307692308,52.47113163972286,,,,,,,,
2025,IR-E-U-0490,Vellore Institute of Technology,16.0,ESCS,Isotonic,pooled,0.006,0.006000000000000001,0.12,0.12000000000000002,0.789832299691298,,,,,,,,
2025,IR-E-U-0237,"National Institute of Technology Karnataka, Surathkal",17.0,ESCS,Isotonic,pooled,0.47750000000000004,0.4176176470588236,9.55,8.352352941176472,63.10509154752947,,,,,,,,
2025,IR-E-U-0575,Jadavpur University,18.0,ESCS,Isotonic,pooled,0.28450000000000003,0.3787857142857143,5.69,7.575714285714286,61.00966702470462,,,,,,,,
2025,IR-E-U-0064,Indian Institute of Technology Patna,19.0,ESCS,Isotonic,pooled,0.47850000000000004,0.4871363636363636,9.57,9.742727272727272,72.7591387080621,,,,,,,,
2025,IR-E-U-0439,Anna University,20.0,ESCS,Isotonic,pooled,0.273,0.275625,5.46,5.5125,42.36917013356689,,,,,,,,
2025,IR-E-U-0263,National Institute of Technology Calicut,21.0,ESCS,Isotonic,pooled,0.517,0.4871363636363636,10.34,9.742727272727272,77.38187451587916,,,,,,,,
2025,IR-E-U-0363,Siksha `O` Anusandhan,22.0,ESCS,Isotonic,pooled,0.06999999999999999,0.06392857142857142,1.4,1.2785714285714285,8.755020080321286,,,,,,,,
2025,IR-E-U-0436,Amrita Vishwa Vidyapeetham,23.0,ESCS,Isotonic,pooled,0.1685,0.1222,3.37,2.444,21.082235671057315,,,,,,,,
2025,IR-E-U-0108,Jamia Millia Islamia,24.0,ESCS,Isotonic,pooled,0.45099999999999996,0.5615000000000001,9.02,11.230000000000002,90.52706552706553,,,,,,,,
2025,IR-E-U-0139,Indian Institute of Technology Gandhinagar,25.0,ESCS,Isotonic,pooled,0.205,0.2347777777777778,4.1,4.695555555555556,36.92579505300353,,,,,,,,
2025,IR-E-U-0184,Indian Institute of Technology Mandi,26.0,ESCS,Isotonic,pooled,0.2835,0.3225769230769231,5.67,6.451538461538462,50.03538570417551,,,,,,,,
2025,IR-E-U-0395,Indian Institute of Technology Jodhpur,27.0,ESCS,Isotonic,pooled,0.3105,0.3164166666666667,6.21,6.328333333333333,44.66321243523316,,,,,,,,
2025,IR-E-U-0025,National Institute of Technology Warangal,28.0,ESCS,Isotonic,pooled,0.376,0.34385714285714286,7.52,6.877142857142857,50.468441814595664,,,,,,,,
2025,IR-E-I-1480,Thapar Institute of Engineering and Technology (Deemed-to-be-university),29.0,ESCS,Isotonic,pooled,0.098,0.0895,1.96,1.79,12.639920752847944,,,,,,,,
2025,IR-E-U-0098,Delhi Technological University,30.0,ESCS,Isotonic,pooled,0.0885,0.0895,1.77,1.79,13.642028568689483,,,,,,,,
2025,IR-E-U-0747,Chandigarh University,31.0,ESCS,Isotonic,pooled,0.099,0.0895,1.98,1.79,13.543191800878477,,,,,,,,
2025,IR-E-U-0378,Indian Institute of Technology Ropar,32.0,ESCS,Isotonic,pooled,0.3805,0.3225769230769231,7.61,6.451538461538462,49.73579920739762,,,,,,,,
2025,IR-E-U-0458,Kalasalingam Academy of Research and Education,33.0,ESCS,Isotonic,pooled,0.384,0.3225769230769231,7.68,6.451538461538462,48.88178913738019,,,,,,,,
2025,IR-E-U-0496,Aligarh Muslim University,34.0,ESCS,Isotonic,pooled,0.1795,0.210875,3.59,4.2175,35.619351408825096,,,,,,,,
2025,IR-E-U-0020,Koneru Lakshmaiah Education Foundation University (K L College of Engineering),35.0,ESCS,Isotonic,pooled,0.06999999999999999,0.06392857142857142,1.4,1.2785714285714285,8.975655285058723,,,,,,,,
2025,IR-E-U-0356,Kalinga Institute of Industrial Technology,36.0,ESCS,Isotonic,pooled,0.10300000000000001,0.0895,2.06,1.79,14.134094568877178,,,,,,,,
2025,IR-E-U-0497,Amity University,37.0,ESCS,Isotonic,pooled,0.0115,0.0115,0.23,0.22999999999999998,1.758198340576847,,,,,,,,
2025,IR-E-U-0014,International Institute of Information Technology Hyderabad,38.0,ESCS,Isotonic,pooled,0.133,0.1222,2.66,2.444,17.97752808988764,,,,,,,,
2025,IR-E-U-0355,Indian Institute of Technology Bhubaneswar,39.0,ESCS,Isotonic,pooled,0.267,0.3225769230769231,5.34,6.451538461538462,47.961884595023825,,,,,,,,
2025,IR-E-U-0476,Shanmugha Arts Science Technology & Research Academy,40.0,ESCS,Isotonic,pooled,0.254,0.20287500000000006,5.08,4.057500000000001,32.66034578918015,,,,,,,,
2025,IR-E-U-0308,Institute of Chemical Technology,41.0,ESCS,Isotonic,pooled,0.153,0.20287500000000006,3.06,4.057500000000001,32.87234042553192,,,,,,,,
2025,IR-E-U-0410,Malaviya National Institute of Technology,42.0,ESCS,Isotonic,pooled,0.3635,0.3225769230769231,7.27,6.451538461538462,46.11694152923538,,,,,,,,
2025,IR-E-U-0564,UPES,43.0,ESCS,Isotonic,pooled,0.006,0.006000000000000001,0.12,0.12000000000000002,0.7438400743840075,,,,,,,,
2025,IR-E-U-0334,"Visvesvaraya National Institute of Technology, Nagpur",44.0,ESCS,Isotonic,pooled,0.269,0.3225769230769231,5.38,6.451538461538462,46.59863945578231,,,,,,,,
2025,IR-E-I-1441,Saveetha Institute of Medical and Technical Sciences,45.0,ESCS,Isotonic,pooled,0.20600000000000002,0.16292857142857145,4.12,3.258571428571429,26.580027359781123,,,,,,,,
2025,IR-E-U-0329,Symbiosis International,46.0,ESCS,Isotonic,pooled,0.025500000000000002,0.025750000000000002,0.51,0.515,4.263402279442803,,,,,,,,
2025,IR-E-C-16604,Sri Sivasubramaniya Nadar College of Engineering,47.0,ESCS,Isotonic,pooled,0.40199999999999997,0.3787857142857143,8.04,7.575714285714286,59.543683917640514,,,,,,,,
2025,IR-E-U-0379,Lovely Professional University,48.0,ESCS,Isotonic,pooled,0.12150000000000001,0.10271428571428572,2.43,2.0542857142857143,16.03540772532189,,,,,,,,
2025,IR-E-U-0577,National Institute of Technology Durgapur,49.0,ESCS,Isotonic,pooled,0.461,0.4176176470588236,9.22,8.352352941176472,65.28571428571429,,,,,,,,
2025,IR-E-U-0055,National Institute of Technology Silchar,50.0,ESCS,Isotonic,pooled,0.3055,0.3225769230769231,6.11,6.451538461538462,46.33730834752981,,,,,,,,
2025,IR-E-U-0202,Birla Institute of Technology,51.0,ESCS,Isotonic,pooled,0.08549999999999999,0.10271428571428572,1.71,2.0542857142857143,17.057142857142857,,,,,,,,
2025,IR-E-U-0555,Graphic Era University,52.0,ESCS,Isotonic,pooled,0.048,0.048,0.96,0.96,5.999571459181487,,,,,,,,
2025,IR-E-U-0072,National Institute of Technology Patna,53.0,ESCS,Isotonic,pooled,0.595,0.5615000000000001,11.9,11.230000000000002,87.57785467128028,,,,,,,,
2025,IR-E-U-0584,"Indian Institute of Engineering Science and Technology, Shibpur",54.0,ESCS,Isotonic,pooled,0.325,0.37838461538461543,6.5,7.567692307692308,53.03907380607815,,,,,,,,
2025,IR-E-U-0374,"Dr. B R Ambedkar National Institute of Technology, Jalandhar",55.0,ESCS,Isotonic,pooled,0.391,0.3225769230769231,7.82,6.451538461538462,48.8898856245795,,,,,,,,
2025,IR-E-U-0906,Indian Institute of Technology Jammu,56.0,ESCS,Isotonic,pooled,0.28650000000000003,0.275625,5.73,5.5125,42.285041224970556,,,,,,,,
2025,IR-E-U-0844,"Indian Institute of Technology, Tirupati",57.0,ESCS,Isotonic,pooled,0.3625,0.37838461538461543,7.25,7.567692307692308,59.05077262693157,,,,,,,,
2025,IR-E-U-0749,Manipal University Jaipur,58.0,ESCS,Isotonic,pooled,0.0075,0.0075,0.15,0.15,0.9731809437591943,,,,,,,,
2025,IR-E-C-7252,Manipal Institute of Technology,59.0,ESCS,Isotonic,pooled,0.034999999999999996,0.034999999999999996,0.7,0.7,5.008509603695599,,,,,,,,
2025,IR-E-U-0739,Madan Mohan Malaviya University of Technology,60.0,ESCS,Isotonic,pooled,0.514,0.4871363636363636,10.28,9.742727272727272,73.00653594771242,,,,,,,,
2025,IR-E-U-0255,Indian Institute of Space Science and Technology,61.0,ESCS,Isotonic,pooled,0.29300000000000004,0.3225769230769231,5.86,6.451538461538462,49.438202247191015,,,,,,,,
2025,IR-E-U-0530,Motilal Nehru National Institute of Technology,62.0,ESCS,Isotonic,pooled,0.49800000000000005,0.4871363636363636,9.96,9.742727272727272,73.41633901266928,,,,,,,,
2025,IR-E-U-0105,Indraprastha Institute of Information Technology,63.0,ESCS,Isotonic,pooled,0.0495,0.06392857142857142,0.99,1.2785714285714285,9.838274932614555,,,,,,,,
2025,IR-E-U-0878,Indian Institute of Technology Palakkad,64.0,ESCS,Isotonic,pooled,0.2765,0.34385714285714286,5.53,6.877142857142857,51.051051051051054,,,,,,,,
2025,IR-E-U-0622,National Institute of Technology Delhi,65.0,ESCS,Isotonic,pooled,0.554,0.4871363636363636,11.08,9.742727272727272,72.43947858472998,,,,,,,,
2025,IR-E-U-0149,Sardar Vallabhbhai National Institute of Technology,66.0,ESCS,Isotonic,pooled,0.193,0.2347777777777778,3.86,4.695555555555556,37.61746821448314,,,,,,,,
2025,IR-E-C-37013,PSG College of Technology,67.0,ESCS,Isotonic,pooled,0.1035,0.1222,2.07,2.444,21.757463315904875,,,,,,,,
2025,IR-E-U-0474,Sathyabama Institute of Science and Technology,67.0,ESCS,Isotonic,pooled,0.1035,0.0895,2.07,1.79,12.914438502673796,,,,,,,,
2025,IR-E-C-6379,Netaji Subhas University of Technology (NSUT),70.0,ESCS,Isotonic,pooled,0.16699999999999998,0.16707142857142857,3.34,3.341428571428571,29.94459833795014,,,,,,,,
2025,IR-E-U-0389,Banasthali Vidyapith,71.0,ESCS,Isotonic,pooled,0.1895,0.20287500000000006,3.79,4.057500000000001,31.595677050222505,,,,,,,,
2025,IR-E-U-0946,Indian Institute of Technology Bhilai,72.0,ESCS,Isotonic,pooled,0.34249999999999997,0.3164166666666667,6.85,6.328333333333333,44.042838018741634,,,,,,,,
2025,IR-E-U-0197,National Institute of Technology Srinagar,73.0,ESCS,Isotonic,pooled,0.6900000000000001,0.5615000000000001,13.8,11.230000000000002,87.02090592334494,,,,,,,,
2025,IR-E-C-1331,M. S. Ramaiah Institute of Technology,75.0,ESCS,Isotonic,pooled,0.11950000000000001,0.16707142857142857,2.39,3.341428571428571,29.933527212297466,,,,,,,,
2025,IR-E-U-0217,Christ University,76.0,ESCS,Isotonic,pooled,0.11100000000000002,0.10271428571428572,2.22,2.0542857142857143,15.126676602086437,,,,,,,,
2025,IR-E-U-0899,Indian Institute of Technology Dharwad,77.0,ESCS,Isotonic,pooled,0.2465,0.3225769230769231,4.93,6.451538461538462,48.724179829890645,,,,,,,,
2025,IR-E-U-0535,Rajiv Gandhi Institute of Petroleum Technology,78.0,ESCS,Isotonic,pooled,0.095,0.10271428571428572,1.9,2.0542857142857143,16.54441727791361,,,,,,,,
2025,IR-E-U-0384,Sant Longowal Institute of Engineering & Technology,79.0,ESCS,Isotonic,pooled,0.128,0.14300000000000002,2.56,2.8600000000000003,25.87991718426501,,,,,,,,
2025,IR-E-U-0043,"Vignan's Foundation for Science, Technology and Research",80.0,ESCS,Isotonic,pooled,0.364,0.3225769230769231,7.28,6.451538461538462,47.352609838527975,,,,,,,,
2025,IR-E-U-0284,Maulana Azad National Institute of Technology,81.0,ESCS,Isotonic,pooled,0.2985,0.4176176470588236,5.97,8.352352941176472,62.912764908822076,,,,,,,,
2025,IR-E-U-0207,"National Institute of Technology, Jamshedpur",82.0,ESCS,Isotonic,pooled,0.5255,0.4871363636363636,10.51,9.742727272727272,70.45988586774085,,,,,,,,
2025,IR-E-U-0619,National Institute of Technology Meghalaya,83.0,ESCS,Isotonic,pooled,0.561,0.4871363636363636,11.22,9.742727272727272,73.4375,,,,,,,,
2025,IR-E-U-0223,"Jain university,Bangalore",84.0,ESCS,Isotonic,pooled,0.1135,0.16292857142857145,2.27,3.258571428571429,28.08870116156283,,,,,,,,
2025,IR-E-U-0172,National Institute of Technology Kurukshetra,85.0,ESCS,Isotonic,pooled,0.4365,0.3787857142857143,8.73,7.575714285714286,60.30117852466172,,,,,,,,
2025,IR-E-U-0092,"National Institute of Technology, Raipur",86.0,ESCS,Isotonic,pooled,0.4255,0.37838461538461543,8.51,7.567692307692308,57.24254090471607,,,,,,,,
2025,IR-E-U-0489,Vel Tech Rangarajan Dr. Sagunthala R & D Institute of Science and Technology,87.0,ESCS,Isotonic,pooled,0.217,0.16292857142857145,4.34,3.258571428571429,27.097865144789687,,,,,,,,
2025,IR-E-C-24004,AU College of Engineering (A),88.0,ESCS,Isotonic,pooled,0.5730000000000001,0.5615000000000001,11.46,11.230000000000002,95.92696629213484,,,,,,,,
2025,IR-E-U-0373,Chitkara University,89.0,ESCS,Isotonic,pooled,0.0475,0.04866666666666667,0.95,0.9733333333333334,7.038369304556355,,,,,,,,
2025,IR-E-U-1257,COEP Technological University,90.0,ESCS,Isotonic,pooled,0.27549999999999997,0.37838461538461543,5.51,7.567692307692308,54.33842605938311,,,,,,,,
2025,IR-E-U-0456,Indian Institute of Technology Madras,1.0,FPPP,PreviousYear,per_year,1.0,0.978,10.0,9.78,,4257167.674927114,9964052.534013605,,,,,,
2025,IR-E-I-1074,Indian Institute of Technology Delhi,2.0,FPPP,PreviousYear,per_year,0.901,0.6559999999999999,9.01,6.56,,771117.8257016249,5279804.476120139,,,,,,
2025,IR-E-U-0306,Indian Institute of Technology Bombay,3.0,FPPP,PreviousYear,per_year,0.993,0.706,9.93,7.06,,1227444.4473905724,5955754.442760943,,,,,,
2025,IR-E-I-1075,Indian Institute of Technology Kanpur,4.0,FPPP,PreviousYear,per_year,0.885,0.6719999999999999,8.85,6.72,,1264790.3281519862,3783643.7535981582,,,,,,
2025,IR-E-U-0573,Indian Institute of Technology Kharagpur,5.0,FPPP,PreviousYear,per_year,0.618,0.375,6.18,3.75,,403337.6378648234,1975187.1420890936,,,,,,
2025,IR-E-U-0560,Indian Institute of Technology Roorkee,6.0,FPPP,PreviousYear,per_year,0.636,0.425,6.36,4.25,,1293647.7570715474,1621999.168607876,,,,,,
2025,IR-E-U-0013,Indian Institute of Technology Hyderabad,7.0,FPPP,PreviousYear,per_year,0.768,0.518,7.68,5.18,,715050.8676122931,2728612.41607565,,,,,,
2025,IR-E-U-0053,Indian Institute of Technology Guwahati,8.0,FPPP,PreviousYear,per_year,0.705,0.558,7.05,5.58,,557943.2449275362,3006445.8079710146,,,,,,
2025,IR-E-U-0467,National Institute of Technology Tiruchirappalli,9.0,FPPP,PreviousYear,per_year,0.23399999999999999,0.155,2.34,1.55,,208926.54895833333,419743.4677083333,,,,,,
2025,IR-E-U-0701,Indian Institute of Technology (Banaras Hindu University) Varanasi,10.0,FPPP,PreviousYear,per_year,0.374,0.219,3.74,2.19,,623324.1605584642,926149.2207678882,,,,,,
2025,IR-E-U-0391,Birla Institute of Technology & Science -Pilani,11.0,FPPP,PreviousYear,per_year,0.16299999999999998,0.081,1.63,0.81,,44056.29670781893,302895.27530864195,,,,,,
2025,IR-E-U-0273,Indian Institute of Technology Indore,12.0,FPPP,PreviousYear,per_year,0.593,0.356,5.93,3.56,,279657.4192139738,1533926.673944687,,,,,,
2025,IR-E-U-0357,National Institute of Technology Rourkela,13.0,FPPP,PreviousYear,per_year,0.374,0.20099999999999998,3.74,2.01,,640823.6724565757,458854.64598842023,,,,,,
2025,IR-E-U-0473,S.R.M. Institute of Science and Technology,14.0,FPPP,PreviousYear,per_year,0.05,0.026000000000000002,0.5,0.26,,16130.560505719446,72559.72707204496,,,,,,
2025,IR-E-U-0205,Indian Institute of Technology (Indian School of Mines),15.0,FPPP,PreviousYear,per_year,0.352,0.193,3.52,1.93,,180644.96005809732,723017.3877995643,,,,,,
2025,IR-E-U-0490,Vellore Institute of Technology,16.0,FPPP,PreviousYear,per_year,0.041999999999999996,0.02,0.42,0.2,,9308.870006341154,67559.64922849291,,,,,,
2025,IR-E-U-0237,"National Institute of Technology Karnataka, Surathkal",17.0,FPPP,PreviousYear,per_year,0.414,0.29300000000000004,4.14,2.93,,655589.0284810127,894261.733122363,,,,,,
2025,IR-E-U-0575,Jadavpur University,18.0,FPPP,PreviousYear,per_year,0.368,0.266,3.68,2.66,,534003.5748373102,491807.71221981203,,,,,,
2025,IR-E-U-0064,Indian Institute of Technology Patna,19.0,FPPP,PreviousYear,per_year,0.725,0.383,7.25,3.83,,359420.63383838383,2383580.381313131,,,,,,
2025,IR-E-U-0439,Anna University,20.0,FPPP,PreviousYear,per_year,0.321,0.197,3.21,1.97,,468953.23156159866,442909.2628759786,,,,,,
2025,IR-E-U-0263,National Institute of Technology Calicut,21.0,FPPP,PreviousYear,per_year,0.16899999999999998,0.10900000000000001,1.69,1.09,,37871.4783010157,338778.4884579871,,,,,,
2025,IR-E-U-0363,Siksha `O` Anusandhan,22.0,FPPP,PreviousYear,per_year,0.157,0.089,1.57,0.89,,215373.7658674189,109523.27221438647,,,,,,
2025,IR-E-U-0436,Amrita Vishwa Vidyapeetham,23.0,FPPP,PreviousYear,per_year,0.318,0.213,3.18,2.13,,114055.7799442897,651265.2070566388,,,,,,
2025,IR-E-U-0108,Jamia Millia Islamia,24.0,FPPP,PreviousYear,per_year,0.493,0.292,4.93,2.92,,843901.1653944021,928520.9669211196,,,,,,
2025,IR-E-U-0139,Indian Institute of Technology Gandhinagar,25.0,FPPP,PreviousYear,per_year,0.861,0.5690000000000001,8.61,5.69,,408267.84632034635,4380941.29004329,,,,,,
2025,IR-E-U-0184,Indian Institute of Technology Mandi,26.0,FPPP,PreviousYear,per_year,0.374,0.211,3.74,2.11,,74096.67614533965,879998.3902053713,,,,,,
2025,IR-E-U-0395,Indian Institute of Technology Jodhpur,27.0,FPPP,PreviousYear,per_year,0.641,0.417,6.41,4.17,,520984.48673587077,1582298.2883506343,,,,,,
2025,IR-E-U-0025,National Institute of Technology Warangal,28.0,FPPP,PreviousYear,per_year,0.205,0.099,2.05,0.99,,63641.42462311558,369278.91624790616,,,,,,
2025,IR-E-I-1480,Thapar Institute of Engineering and Technology (Deemed-to-be-university),29.0,FPPP,PreviousYear,per_year,0.101,0.057999999999999996,1.01,0.58,,48046.53579571363,137488.82808937528,,,,,,
2025,IR-E-U-0098,Delhi Technological University,30.0,FPPP,PreviousYear,per_year,0.11399999999999999,0.064,1.14,0.64,,117526.40129081244,85171.34092634775,,,,,,
2025,IR-E-U-0747,Chandigarh University,31.0,FPPP,PreviousYear,per_year,0.08199999999999999,0.032,0.82,0.32,,47319.58625291958,93500.7013680347,,,,,,
2025,IR-E-U-0378,Indian Institute of Technology Ropar,32.0,FPPP,PreviousYear,per_year,0.61,0.41100000000000003,6.1,4.11,,360434.62062615104,2396675.4125230205,,,,,,
2025,IR-E-U-0458,Kalasalingam Academy of Research and Education,33.0,FPPP,PreviousYear,per_year,0.08499999999999999,0.053000000000000005,0.85,0.53,,113745.08043626448,33345.547375596456,,,,,,
2025,IR-E-U-0496,Aligarh Muslim University,34.0,FPPP,PreviousYear,per_year,0.246,0.20299999999999999,2.46,2.03,,159477.73732718895,354129.4946236559,,,,,,
2025,IR-E-U-0020,Koneru Lakshmaiah Education Foundation University (K L College of Engineering),35.0,FPPP,PreviousYear,per_year,0.074,0.036,0.74,0.36,,33264.89455060156,99626.69922151451,,,,,,
2025,IR-E-U-0356,Kalinga Institute of Industrial Technology,36.0,FPPP,PreviousYear,per_year,0.275,0.064,2.75,0.64,,213691.55287569572,381435.9675324675,,,,,,
2025,IR-E-U-0497,Amity University,37.0,FPPP,PreviousYear,per_year,0.087,0.065,0.87,0.65,,5868.111654441727,213193.62184189077,,,,,,
2025,IR-E-U-0014,International Institute of Information Technology Hyderabad,38.0,FPPP,PreviousYear,per_year,0.6519999999999999,0.437,6.52,4.37,,78499.43498817968,2865236.510638298,,,,,,
2025,IR-E-U-0355,Indian Institute of Technology Bhubaneswar,39.0,FPPP,PreviousYear,per_year,0.421,0.227,4.21,2.27,,392995.36650082923,799430.8805970149,,,,,,
2025,IR-E-U-0476,Shanmugha Arts Science Technology & Research Academy,40.0,FPPP,PreviousYear,per_year,0.337,0.231,3.37,2.31,,431828.59264705883,441602.04411764705,,,,,,
2025,IR-E-U-0308,Institute of Chemical Technology,41.0,FPPP,PreviousYear,per_year,0.642,0.43099999999999994,6.42,4.31,,308863.3661202186,2170263.3515482694,,,,,,
2025,IR-E-U-0410,Malaviya National Institute of Technology,42.0,FPPP,PreviousYear,per_year,0.385,0.16999999999999998,3.85,1.7,,341501.80386178865,660419.9603658536,,,,,,
2025,IR-E-U-0564,UPES,43.0,FPPP,PreviousYear,per_year,0.054000000000000006,0.028000000000000004,0.54,0.28,,30358.571428571428,52318.70757880617,,,,,,
2025,IR-E-U-0334,"Visvesvaraya National Institute of Technology, Nagpur",44.0,FPPP,PreviousYear,per_year,0.366,0.23900000000000002,3.66,2.39,,798039.522556391,501795.7744360902,,,,,,
2025,IR-E-I-1441,Saveetha Institute of Medical and Technical Sciences,45.0,FPPP,PreviousYear,per_year,0.079,0.02,0.79,0.2,,52400.16264090177,83332.27267847558,,,,,,
2025,IR-E-U-0329,Symbiosis International,46.0,FPPP,PreviousYear,per_year,0.062,,0.62,,,6938.675774134791,116190.55373406192,,,,,,
2025,IR-E-C-16604,Sri Sivasubramaniya Nadar College of Engineering,47.0,FPPP,PreviousYear,per_year,0.141,0.075,1.41,0.75,,52417.98333333333,162122.6598039216,,,,,,
2025,IR-E-U-0379,Lovely Professional University,48.0,FPPP,PreviousYear,per_year,0.020999999999999998,0.008,0.21,0.08,,19043.214484679665,19050.268956979264,,,,,,
2025,IR-E-U-0577,National Institute of Technology Durgapur,49.0,FPPP,PreviousYear,per_year,0.274,0.159,2.74,1.59,,96350.17432273262,630690.2402826855,,,,,,
2025,IR-E-U-0055,National Institute of Technology Silchar,50.0,FPPP,PreviousYear,per_year,0.211,0.122,2.11,1.22,,43705.93774319066,514354.86251621274,,,,,,
2025,IR-E-U-0202,Birla Institute of Technology,51.0,FPPP,PreviousYear,per_year,0.21000000000000002,0.10400000000000001,2.1,1.04,,106201.55595238095,338697.58809523814,,,,,,
2025,IR-E-U-0555,Graphic Era University,52.0,FPPP,PreviousYear,per_year,0.11399999999999999,0.059,1.14,0.59,,186194.6435185185,23533.203703703704,,,,,,
2025,IR-E-U-0072,National Institute of Technology Patna,53.0,FPPP,PreviousYear,per_year,0.22799999999999998,0.121,2.28,1.21,,491686.60886319843,299886.7475915222,,,,,,
2025,IR-E-U-0584,"Indian Institute of Engineering Science and Technology, Shibpur",54.0,FPPP,PreviousYear,per_year,0.186,0.10700000000000001,1.86,1.07,,183878.3799283154,229984.7240143369,,,,,,
2025,IR-E-U-0374,"Dr. B R Ambedkar National Institute of Technology, Jalandhar",55.0,FPPP,PreviousYear,per_year,0.097,0.027000000000000003,0.97,0.27,,50698.61544920235,117690.3543240974,,,,,,
2025,IR-E-U-0906,Indian Institute of Technology Jammu,56.0,FPPP,PreviousYear,per_year,0.636,0.329,6.36,3.29,,291815.27536231885,1806165.874396135,,,,,,
2025,IR-E-U-0844,"Indian Institute of Technology, Tirupati",57.0,FPPP,PreviousYear,per_year,0.46299999999999997,0.26,4.63,2.6,,290134.3817204301,951854.9166666667,,,,,,
2025,IR-E-U-0749,Manipal University Jaipur,58.0,FPPP,PreviousYear,per_year,0.077,0.04,0.77,0.4,,4693.425038639876,148726.97011849564,,,,,,
2025,IR-E-C-7252,Manipal Institute of Technology,59.0,FPPP,PreviousYear,per_year,0.028000000000000004,0.012,0.28,0.12,,4891.531972789116,46583.44308390022,,,,,,
2025,IR-E-U-0739,Madan Mohan Malaviya University of Technology,60.0,FPPP,PreviousYear,per_year,0.317,0.08,3.17,0.8,,374636.1920438958,419981.7229080933,,,,,,
2025,IR-E-U-0255,Indian Institute of Space Science and Technology,61.0,FPPP,PreviousYear,per_year,0.223,0.092,2.23,0.92,,153279.58252427186,290715.9061488673,,,,,,
2025,IR-E-U-0530,Motilal Nehru National Institute of Technology,62.0,FPPP,PreviousYear,per_year,0.20099999999999998,0.13999999999999999,2.01,1.4,,327107.1030534351,319120.02926208655,,,,,,
2025,IR-E-U-0105,Indraprastha Institute of Information Technology,63.0,FPPP,PreviousYear,per_year,0.454,0.316,4.54,3.16,,126484.39492753624,1537979.096014493,,,,,,
2025,IR-E-U-0878,Indian Institute of Technology Palakkad,64.0,FPPP,PreviousYear,per_year,0.46900000000000003,0.29900000000000004,4.69,2.99,,254660.00256410256,930509.0846153846,,,,,,
2025,IR-E-U-0622,National Institute of Technology Delhi,65.0,FPPP,PreviousYear,per_year,0.211,0.096,2.11,0.96,,119552.47023809524,622511.5892857143,,,,,,
2025,IR-E-U-0149,Sardar Vallabhbhai National Institute of Technology,66.0,FPPP,PreviousYear,per_year,0.24500000000000002,0.10500000000000001,2.45,1.05,,541043.5853945818,236794.35100117786,,,,,,
2025,IR-E-C-37013,PSG College of Technology,67.0,FPPP,PreviousYear,per_year,0.06999999999999999,0.026000000000000002,0.7,0.26,,12352.651709401709,112362.27136752137,,,,,,
2025,IR-E-U-0474,Sathyabama Institute of Science and Technology,67.0,FPPP,PreviousYear,per_year,0.10700000000000001,0.05600000000000001,1.07,0.56,,28918.62545787546,119193.09340659341,,,,,,
2025,IR-E-U-0221,International Institute of Information Technology Bangalore,69.0,FPPP,PreviousYear,per_year,0.8130000000000001,0.7769999999999999,8.13,7.77,,106120.68398268399,10637442.623376623,,,,,,
2025,IR-E-C-6379,Netaji Subhas University of Technology (NSUT),70.0,FPPP,PreviousYear,per_year,0.040999999999999995,0.034999999999999996,0.41,0.35,,50638.962252079335,16657.017274472168,,,,,,
2025,IR-E-U-0389,Banasthali Vidyapith,71.0,FPPP,PreviousYear,per_year,0.137,0.065,1.37,0.65,,96548.17414529914,156547.98824786325,,,,,,
2025,IR-E-U-0946,Indian Institute of Technology Bhilai,72.0,FPPP,PreviousYear,per_year,0.869,0.554,8.69,5.54,,733994.1688311688,3723890.4112554113,,,,,,
2025,IR-E-U-0197,National Institute of Technology Srinagar,73.0,FPPP,PreviousYear,per_year,0.211,0.10700000000000001,2.11,1.07,,96241.01651651652,505795.2132132132,,,,,,
2025,IR-E-U-0042,University of Hyderabad,74.0,FPPP,PreviousYear,per_year,0.429,0.266,4.29,2.66,,22717.514124293783,1424773.2598870057,,,,,,
2025,IR-E-C-1331,M. S. Ramaiah Institute of Technology,75.0,FPPP,PreviousYear,per_year,0.059,0.03,0.59,0.3,,23528.23701842546,73229.93802345058,,,,,,
2025,IR-E-U-0217,Christ University,76.0,FPPP,PreviousYear,per_year,0.014000000000000002,0.006,0.14,0.06,,8286.078703703704,11828.450617283952,,,,,,
2025,IR-E-U-0899,Indian Institute of Technology Dharwad,77.0,FPPP,PreviousYear,per_year,0.41,,4.1,,,45964.28571428572,1036904.7619047619,,,,,,
2025,IR-E-U-0535,Rajiv Gandhi Institute of Petroleum Technology,78.0,FPPP,PreviousYear,per_year,0.32,0.195,3.2,1.95,,71796.46610169491,661470.5677966102,,,,,,
2025,IR-E-U-0384,Sant Longowal Institute of Engineering & Technology,79.0,FPPP,PreviousYear,per_year,0.015,0.01,0.15,0.1,,4319.357001972387,19888.207100591717,,,,,,
2025,IR-E-U-0043,"Vignan's Foundation for Science, Technology and Research",80.0,FPPP,PreviousYear,per_year,0.089,0.034999999999999996,0.89,0.35,,94077.00546448088,60063.87978142076,,,,,,
2025,IR-E-U-0284,Maulana Azad National Institute of Technology,81.0,FPPP,PreviousYear,per_year,0.187,0.081,1.87,0.81,,337124.14448669204,242696.39543726237,,,,,,
2025,IR-E-U-0207,"National Institute of Technology, Jamshedpur",82.0,FPPP,PreviousYear,per_year,0.186,,1.86,,,24862.686274509804,501125.7948717949,,,,,,
2025,IR-E-U-0619,National Institute of Technology Meghalaya,83.0,FPPP,PreviousYear,per_year,0.369,0.215,3.69,2.15,,189199.23270440253,472032.2327044025,,,,,,
2025,IR-E-U-0223,"Jain university,Bangalore",84.0,FPPP,PreviousYear,per_year,0.127,0.054000000000000006,1.27,0.54,,99239.58069381598,102347.85369532429,,,,,,
2025,IR-E-U-0172,National Institute of Technology Kurukshetra,85.0,FPPP,PreviousYear,per_year,0.176,0.08199999999999999,1.76,0.82,,400265.8325041459,304678.2752902156,,,,,,
2025,IR-E-U-0092,"National Institute of Technology, Raipur",86.0,FPPP,PreviousYear,per_year,0.10700000000000001,0.05,1.07,0.5,,141876.15073529413,107994.79534313724,,,,,,
2025,IR-E-U-0489,Vel Tech Rangarajan Dr. Sagunthala R & D Institute of Science and Technology,87.0,FPPP,PreviousYear,per_year,0.052000000000000005,0.022,0.52,0.22,,12150.98862512364,80356.56083086053,,,,,,
2025,IR-E-C-24004,AU College of Engineering (A),88.0,FPPP,PreviousYear,per_year,0.173,0.158,1.73,1.58,,342718.11832061067,55758.68320610687,,,,,,
2025,IR-E-U-0373,Chitkara University,89.0,FPPP,PreviousYear,per_year,0.013000000000000001,0.003,0.13,0.03,,13120.398843930636,10859.684007707128,,,,,,
2025,IR-E-U-1257,COEP Technological University,90.0,FPPP,PreviousYear,per_year,0.425,,4.25,,,533019.9435028249,897900.5974576271,,,,,,
2025,IR-E-U-0456,Indian Institute of Technology Madras,1.0,FRU,AdditiveLog,per_year,1.0,1.0,30.0,30.0,,,,922021.3301306885,2259450.2199493777,,,,
2025,IR-E-I-1074,Indian Institute of Technology Delhi,2.0,FRU,AdditiveLog,per_year,0.9239999999999999,0.947842341401739,27.72,28.43527024205217,,,,595243.3240539365,1398115.6535208547,,,,
2025,IR-E-I-1075,Indian Institute of Technology Kanpur,4.0,FRU,AdditiveLog,per_year,0.885,0.8788324155408795,26.55,26.364972466226387,,,,215657.6958955224,1277380.3741708125,,,,
2025,IR-E-U-0573,Indian Institute of Technology Kharagpur,5.0,FRU,AdditiveLog,per_year,0.7626666666666666,0.8140444055031097,22.88,24.421332165093293,,,,158267.17105921006,994100.7913006213,,,,
2025,IR-E-U-0560,Indian Institute of Technology Roorkee,6.0,FRU,AdditiveLog,per_year,0.7153333333333334,0.7801502100855142,21.46,23.404506302565427,,,,261212.18496913128,734941.7193135967,,,,
2025,IR-E-U-0013,Indian Institute of Technology Hyderabad,7.0,FRU,AdditiveLog,per_year,0.857,0.8377769632995027,25.71,25.13330889898508,,,,228359.20298083746,1020851.0841022001,,,,
2025,IR-E-U-0053,Indian Institute of Technology Guwahati,8.0,FRU,AdditiveLog,per_year,0.6106666666666667,0.7002897456413941,18.32,21.008692369241825,,,,211745.57922285853,516224.12162078946,,,,
2025,IR-E-U-0467,National Institute of Technology Tiruchirappalli,9.0,FRU,AdditiveLog,per_year,0.6576666666666667,0.6746698592434828,19.73,20.240095777304482,,,,122176.54097432025,521967.05765357503,,,,
2025,IR-E-U-0391,Birla Institute of Technology & Science -Pilani,11.0,FRU,AdditiveLog,per_year,0.6133333333333333,0.6391307900437927,18.4,19.173923701313782,,,,85987.43404841906,476688.8730651044,,,,
2025,IR-E-U-0273,Indian Institute of Technology Indore,12.0,FRU,AdditiveLog,per_year,0.673,0.728357368197734,20.19,21.85072104593202,,,,155386.07062573393,645151.6492199296,,,,
2025,IR-E-U-0473,S.R.M. Institute of Science and Technology,14.0,FRU,AdditiveLog,per_year,0.44933333333333336,0.501738528818771,13.48,15.05215586456313,,,,41637.85858819181,285132.56689457636,,,,
2025,IR-E-U-0205,Indian Institute of Technology (Indian School of Mines),15.0,FRU,AdditiveLog,per_year,0.6066666666666667,0.6833054224621891,18.2,20.499162673865673,,,,103954.51632827386,568662.4726986004,,,,
2025,IR-E-U-0490,Vellore Institute of Technology,16.0,FRU,AdditiveLog,per_year,0.33999999999999997,0.3443485551858641,10.2,10.330456655575922,,,,24310.251963297298,146761.7098554924,,,,
2025,IR-E-U-0237,"National Institute of Technology Karnataka, Surathkal",17.0,FRU,AdditiveLog,per_year,0.8079999999999999,0.7198775053110462,24.24,21.596325159331386,,,,302916.41307641036,520171.8033084894,,,,
2025,IR-E-U-0575,Jadavpur University,18.0,FRU,AdditiveLog,per_year,0.4656666666666667,0.5177935908700069,13.97,15.533807726100207,,,,22549.341985990937,362467.9476720231,,,,
2025,IR-E-U-0064,Indian Institute of Technology Patna,19.0,FRU,AdditiveLog,per_year,0.6733333333333333,0.7090654305006555,20.2,21.271962915019664,,,,292465.0261736602,496735.3931588422,,,,
2025,IR-E-U-0439,Anna University,20.0,FRU,AdditiveLog,per_year,0.4266666666666667,0.5089803328208391,12.8,15.269409984625174,,,,28576.810129406513,326007.1938866577,,,,
2025,IR-E-U-0263,National Institute of Technology Calicut,21.0,FRU,AdditiveLog,per_year,0.6296666666666667,0.6602899663515363,18.89,19.808698990546088,,,,104056.59803301722,505542.62606252194,,,,
2025,IR-E-U-0363,Siksha `O` Anusandhan,22.0,FRU,AdditiveLog,per_year,0.5686666666666667,0.5746837262637601,17.06,17.2405117879128,,,,104884.70104115023,326004.7425549496,,,,
2025,IR-E-U-0436,Amrita Vishwa Vidyapeetham,23.0,FRU,AdditiveLog,per_year,0.5243333333333333,0.5326968430836736,15.73,15.980905292510208,,,,104211.56684250868,263590.3999729474,,,,
2025,IR-E-U-0108,Jamia Millia Islamia,24.0,FRU,AdditiveLog,per_year,0.5556666666666668,0.5906292933102542,16.67,17.718878799307625,,,,22915.889333333336,523383.5059047619,,,,
2025,IR-E-U-0139,Indian Institute of Technology Gandhinagar,25.0,FRU,AdditiveLog,per_year,0.8523333333333334,0.8310662633075349,25.57,24.931987899226044,,,,218012.66510590859,998358.5855072463,,,,
2025,IR-E-U-0184,Indian Institute of Technology Mandi,26.0,FRU,AdditiveLog,per_year,0.7170000000000001,0.7755770329789207,21.51,23.26731098936762,,,,146872.34059474414,832869.8418049793,,,,
2025,IR-E-U-0395,Indian Institute of Technology Jodhpur,27.0,FRU,AdditiveLog,per_year,0.8480000000000001,0.8500194764325708,25.44,25.500584292977123,,,,329354.2530271399,988751.5869171885,,,,
2025,IR-E-U-0025,National Institute of Technology Warangal,28.0,FRU,AdditiveLog,per_year,0.5893333333333334,0.6253209497010634,17.68,18.759628491031904,,,,71297.22045647768,466244.7376888366,,,,
2025,IR-E-I-1480,Thapar Institute of Engineering and Technology (Deemed-to-be-university),29.0,FRU,AdditiveLog,per_year,0.5103333333333333,0.5366406561682715,15.31,16.099219685048144,,,,55201.50693119674,316811.18679257284,,,,
2025,IR-E-U-0098,Delhi Technological University,30.0,FRU,AdditiveLog,per_year,0.4,0.43982726547605516,12.0,13.194817964281654,,,,32035.809258243433,222453.49896385687,,,,
2025,IR-E-U-0747,Chandigarh University,31.0,FRU,AdditiveLog,per_year,0.359,0.3944365671689898,10.77,11.833097015069693,,,,61067.23444208539,149439.45449398443,,,,
2025,IR-E-U-0378,Indian Institute of Technology Ropar,32.0,FRU,AdditiveLog,per_year,0.6910000000000001,0.7893055914340619,20.73,23.679167743021857,,,,300002.3266100496,743079.5244161359,,,,
2025,IR-E-U-0458,Kalasalingam Academy of Research and Education,33.0,FRU,AdditiveLog,per_year,0.426,0.4550167638144705,12.78,13.650502914434114,,,,41101.19891048292,225421.07449941107,,,,
2025,IR-E-U-0496,Aligarh Muslim University,34.0,FRU,AdditiveLog,per_year,0.5866666666666667,0.5449018747213157,17.6,16.34705624163947,,,,12946.868381652375,480213.05866340006,,,,
2025,IR-E-U-0020,Koneru Lakshmaiah Education Foundation University (K L College of Engineering),35.0,FRU,AdditiveLog,per_year,0.35533333333333333,0.3996684553877401,10.66,11.990053661632203,,,,29629.67106221586,184932.8926230126,,,,
2025,IR-E-U-0356,Kalinga Institute of Industrial Technology,36.0,FRU,AdditiveLog,per_year,0.5203333333333333,0.5610469133201161,15.61,16.831407399603485,,,,59636.786115512026,351736.2879638965,,,,
2025,IR-E-U-0014,International Institute of Information Technology Hyderabad,38.0,FRU,AdditiveLog,per_year,0.64,0.6754314159863362,19.2,20.262942479590084,,,,86708.70306395229,572424.1161834259,,,,
2025,IR-E-U-0355,Indian Institute of Technology Bhubaneswar,39.0,FRU,AdditiveLog,per_year,0.6163333333333333,0.6790435116179396,18.49,20.37130534853819,,,,111804.08943445857,546089.6390472016,,,,
2025,IR-E-U-0476,Shanmugha Arts Science Technology & Research Academy,40.0,FRU,AdditiveLog,per_year,0.46900000000000003,0.49469103581015883,14.07,14.840731074304765,,,,119730.36243640375,209504.59213007436,,,,
2025,IR-E-U-0308,Institute of Chemical Technology,41.0,FRU,AdditiveLog,per_year,0.61,0.6612861250578503,18.3,19.83858375173551,,,,132124.73572567783,477782.8642743222,,,,
2025,IR-E-U-0410,Malaviya National Institute of Technology,42.0,FRU,AdditiveLog,per_year,0.4966666666666667,0.5673449791869807,14.9,17.02034937560942,,,,56465.18683812406,368372.4373003866,,,,
2025,IR-E-U-0564,UPES,43.0,FRU,AdditiveLog,per_year,0.5663333333333332,0.540445815095,16.99,16.21337445285,,,,26741.3805542889,389372.2117849724,,,,
2025,IR-E-U-0334,"Visvesvaraya National Institute of Technology, Nagpur",44.0,FRU,AdditiveLog,per_year,0.5576666666666666,0.6349404006564145,16.73,19.048212019692436,,,,88082.25011307102,463721.6574400724,,,,
2025,IR-E-I-1441,Saveetha Institute of Medical and Technical Sciences,45.0,FRU,AdditiveLog,per_year,0.3253333333333333,0.34407472652619525,9.76,10.322241795785857,,,,24059.49441974017,146949.06077251723,,,,
2025,IR-E-U-0329,Symbiosis International,46.0,FRU,AdditiveLog,per_year,0.45,0.4927622540673129,13.5,14.782867622019387,,,,46679.560878243516,264463.9248170326,,,,
2025,IR-E-C-16604,Sri Sivasubramaniya Nadar College of Engineering,47.0,FRU,AdditiveLog,per_year,0.48333333333333334,0.5066301061121887,14.5,15.198903183365662,,,,31426.903557803213,314324.55318960163,,,,
2025,IR-E-U-0379,Lovely Professional University,48.0,FRU,AdditiveLog,per_year,0.23600000000000002,0.18872579207317042,7.08,5.6617737621951125,,,,5558.514230225989,97056.634375,,,,
2025,IR-E-U-0577,National Institute of Technology Durgapur,49.0,FRU,AdditiveLog,per_year,0.5223333333333333,0.580512185964042,15.67,17.41536557892126,,,,49411.1083441418,407751.78063121485,,,,
2025,IR-E-U-0055,National Institute of Technology Silchar,50.0,FRU,AdditiveLog,per_year,0.502,0.5536349350367341,15.06,16.60904805110202,,,,62986.38609737048,333948.72047209926,,,,
2025,IR-E-U-0202,Birla Institute of Technology,51.0,FRU,AdditiveLog,per_year,0.524,0.563258471445824,15.72,16.89775414337472,,,,59684.78905900259,355652.97734801687,,,,
2025,IR-E-U-0555,Graphic Era University,52.0,FRU,AdditiveLog,per_year,0.399,0.43260132754417263,11.97,12.97803982632518,,,,46062.5859604876,195244.60599691747,,,,
2025,IR-E-U-0072,National Institute of Technology Patna,53.0,FRU,AdditiveLog,per_year,0.45,0.5149640518902401,13.5,15.448921556707202,,,,29663.070186666664,332894.65941333334,,,,
2025,IR-E-U-0584,"Indian Institute of Engineering Science and Technology, Shibpur",54.0,FRU,AdditiveLog,per_year,0.539,0.653633940095864,16.17,19.60901820287592,,,,71762.55518506169,537784.661331555,,,,
2025,IR-E-U-0374,"Dr. B R Ambedkar National Institute of Technology, Jalandhar",55.0,FRU,AdditiveLog,per_year,0.43,0.5010709098025989,12.9,15.032127294077968,,,,48603.728514552444,273055.5630834706,,,,
2025,IR-E-U-0906,Indian Institute of Technology Jammu,56.0,FRU,AdditiveLog,per_year,0.821,0.8344848971083301,24.63,25.0345469132499,,,,1054862.9635854342,676648.6137566138,,,,
2025,IR-E-U-0844,"Indian Institute of Technology, Tirupati",57.0,FRU,AdditiveLog,per_year,0.8536666666666667,0.8206486738080891,25.61,24.619460214242675,,,,764777.2986494782,685032.8907305095,,,,
2025,IR-E-U-0749,Manipal University Jaipur,58.0,FRU,AdditiveLog,per_year,0.3496666666666667,0.3594151549834592,10.49,10.782454649503777,,,,25447.244690049247,156629.52122100673,,,,
2025,IR-E-C-7252,Manipal Institute of Technology,59.0,FRU,AdditiveLog,per_year,0.35866666666666663,0.41920152699516905,10.76,12.57604580985507,,,,29755.3343571742,204085.81077226854,,,,
2025,IR-E-U-0739,Madan Mohan Malaviya University of Technology,60.0,FRU,AdditiveLog,per_year,0.45466666666666666,0.513548523735265,13.64,15.406455712057952,,,,68057.87718762718,266812.287037037,,,,
2025,IR-E-U-0530,Motilal Nehru National Institute of Technology,62.0,FRU,AdditiveLog,per_year,0.526,0.5729361674854299,15.78,17.188085024562895,,,,59068.86161596837,374651.1191250558,,,,
2025,IR-E-U-0105,Indraprastha Institute of Information Technology,63.0,FRU,AdditiveLog,per_year,0.5386666666666666,0.560713339014185,16.16,16.821400170425548,,,,50098.88789793138,367271.5663322185,,,,
2025,IR-E-U-0878,Indian Institute of Technology Palakkad,64.0,FRU,AdditiveLog,per_year,0.672,0.7250904522993596,20.16,21.752713568980788,,,,318486.11200923787,527332.1281755196,,,,
2025,IR-E-U-0622,National Institute of Technology Delhi,65.0,FRU,AdditiveLog,per_year,0.744,0.6855605556851092,22.32,20.566816670553276,,,,339545.23692551506,423979.1843634443,,,,
2025,IR-E-U-0149,Sardar Vallabhbhai National Institute of Technology,66.0,FRU,AdditiveLog,per_year,0.509,0.5840896660591519,15.27,17.52268998177456,,,,84458.70774619855,361666.7864023565,,,,
2025,IR-E-C-37013,PSG College of Technology,67.0,FRU,AdditiveLog,per_year,0.3143333333333333,0.3445294591823304,9.43,10.335883775469913,,,,19393.453145057767,155707.07440094138,,,,
2025,IR-E-U-0474,Sathyabama Institute of Science and Technology,67.0,FRU,AdditiveLog,per_year,0.31933333333333336,0.35786530136073097,9.58,10.735959040821928,,,,57012.62082645586,126222.93420785916,,,,
2025,IR-E-U-0221,International Institute of Information Technology Bangalore,69.0,FRU,AdditiveLog,per_year,0.863,0.8669252760478625,25.89,26.007758281435876,,,,128325.7380952381,1374217.9507722007,,,,
2025,IR-E-C-6379,Netaji Subhas University of Technology (NSUT),70.0,FRU,AdditiveLog,per_year,0.40299999999999997,0.4422678892762613,12.09,13.268036678287839,,,,51135.17364630568,199663.50275629057,,,,
2025,IR-E-U-0389,Banasthali Vidyapith,71.0,FRU,AdditiveLog,per_year,0.378,0.487661361860423,11.34,14.629840855812692,,,,40462.843008053555,267341.0456019245,,,,
2025,IR-E-U-0946,Indian Institute of Technology Bhilai,72.0,FRU,AdditiveLog,per_year,0.815,0.8693084827003794,24.45,26.079254481011382,,,,4938240.434730539,542884.9201596807,,,,
2025,IR-E-U-0197,National Institute of Technology Srinagar,73.0,FRU,AdditiveLog,per_year,0.5429999999999999,0.5788106107449358,16.29,17.364318322348073,,,,73319.05416336938,365130.07922272047,,,,
2025,IR-E-U-0042,University of Hyderabad,74.0,FRU,AdditiveLog,per_year,0.47933333333333333,0.7619704132395793,14.38,22.859112397187378,,,,93557.61737089201,872810.7887323943,,,,
2025,IR-E-C-1331,M. S. Ramaiah Institute of Technology,75.0,FRU,AdditiveLog,per_year,0.381,0.4214350997927099,11.43,12.643052993781296,,,,25039.10138888889,215813.68015873016,,,,
2025,IR-E-U-0217,Christ University,76.0,FRU,AdditiveLog,per_year,0.3656666666666667,0.4126018393679404,10.97,12.378055181038214,,,,30822.172019985723,195546.00023792527,,,,
2025,IR-E-U-0899,Indian Institute of Technology Dharwad,77.0,FRU,AdditiveLog,per_year,0.6626666666666666,0.6976374513929545,19.88,20.929123541788634,,,,369090.9257226491,441324.9897548482,,,,
2025,IR-E-U-0535,Rajiv Gandhi Institute of Petroleum Technology,78.0,FRU,AdditiveLog,per_year,0.6753333333333333,0.6419392496646833,20.26,19.2581774899405,,,,164225.83826583595,409282.20456905506,,,,
2025,IR-E-U-0384,Sant Longowal Institute of Engineering & Technology,79.0,FRU,AdditiveLog,per_year,0.743,0.5941240529447049,22.29,17.823721588341147,,,,44509.29870775348,449000.0384360504,,,,
2025,IR-E-U-0043,"Vignan's Foundation for Science, Technology and Research",80.0,FRU,AdditiveLog,per_year,0.24033333333333334,0.25401911522228104,7.21,7.620573456668431,,,,15405.583656174334,104127.64192897499,,,,
2025,IR-E-U-0284,Maulana Azad National Institute of Technology,81.0,FRU,AdditiveLog,per_year,0.44433333333333336,0.5275297920478348,13.33,15.825893761435044,,,,70705.49034443003,283730.925205361,,,,
2025,IR-E-U-0207,"National Institute of Technology, Jamshedpur",82.0,FRU,AdditiveLog,per_year,0.48933333333333334,0.5655503578511145,14.68,16.966510735533436,,,,70516.06791067605,344695.2774548792,,,,
2025,IR-E-U-0619,National Institute of Technology Meghalaya,83.0,FRU,AdditiveLog,per_year,0.5906666666666667,0.697844768884944,17.72,20.93534306654832,,,,339227.8788774003,451505.30526834074,,,,
2025,IR-E-U-0223,"Jain university,Bangalore",84.0,FRU,AdditiveLog,per_year,0.3186666666666667,0.3903136709295296,9.56,11.709410127885889,,,,30601.71752224504,174854.40793976726,,,,
2025,IR-E-U-0172,National Institute of Technology Kurukshetra,85.0,FRU,AdditiveLog,per_year,0.44966666666666666,0.5029825025060912,13.49,15.089475075182737,,,,41138.21024223275,287841.9506319115,,,,
2025,IR-E-U-0092,"National Institute of Technology, Raipur",86.0,FRU,AdditiveLog,per_year,0.38233333333333336,0.44832666515961656,11.47,13.449799954788496,,,,27694.416609783846,241195.89738339023,,,,
2025,IR-E-U-0489,Vel Tech Rangarajan Dr. Sagunthala R & D Institute of Science and Technology,87.0,FRU,AdditiveLog,per_year,0.22,0.19849499585246466,6.6,5.95484987557394,,,,7146.588723565475,95617.83347110284,,,,
2025,IR-E-C-24004,AU College of Engineering (A),88.0,FRU,AdditiveLog,per_year,0.6613333333333333,0.6624061444770959,19.84,19.872184334312877,,,,276010.8137441762,397412.4450444727,,,,
2025,IR-E-U-0373,Chitkara University,89.0,FRU,AdditiveLog,per_year,0.3556666666666667,0.37924281439209956,10.67,11.377284431762988,,,,13707.033432717153,203262.21935996818,,,,
2025,IR-E-U-1257,COEP Technological University,90.0,FRU,AdditiveLog,per_year,0.596,0.5721252859138986,17.88,17.163758577416957,,,,90288.69207920792,334449.9788778878,,,,
2025,IR-E-U-0456,Indian Institute of Technology Madras,1.0,GMS,PreviousYear,per_year,0.7816,0.7736,19.54,19.34,,,,,,1637854.235162374,,,
2025,IR-E-I-1074,Indian Institute of Technology Delhi,2.0,GMS,PreviousYear,per_year,0.8364,0.8371999999999999,20.91,20.93,,,,,,1710042.871587462,,,
2025,IR-E-U-0306,Indian Institute of Technology Bombay,3.0,GMS,PreviousYear,per_year,0.8268000000000001,0.7996,20.67,19.99,,,,,,1717575.9261318506,,,
2025,IR-E-I-1075,Indian Institute of Technology Kanpur,4.0,GMS,PreviousYear,per_year,0.8648,0.8736,21.62,21.84,,,,,,1932764.7581003108,,,
2025,IR-E-U-0573,Indian Institute of Technology Kharagpur,5.0,GMS,PreviousYear,per_year,0.8536,0.8348,21.34,20.87,,,,,,1643340.3574788335,,,
2025,IR-E-U-0560,Indian Institute of Technology Roorkee,6.0,GMS,PreviousYear,per_year,0.7992,0.8068000000000001,19.98,20.17,,,,,,1747203.3184092704,,,
2025,IR-E-U-0013,Indian Institute of Technology Hyderabad,7.0,GMS,PreviousYear,per_year,0.8508,0.8316,21.27,20.79,,,,,,2035349.5440729484,,,
2025,IR-E-U-0053,Indian Institute of Technology Guwahati,8.0,GMS,PreviousYear,per_year,0.86,0.8652,21.5,21.63,,,,,,1809664.610866373,,,
2025,IR-E-U-0467,National Institute of Technology Tiruchirappalli,9.0,GMS,PreviousYear,per_year,0.7143999999999999,0.6936,17.86,17.34,,,,,,1342054.5043772946,,,
2025,IR-E-U-0701,Indian Institute of Technology (Banaras Hindu University) Varanasi,10.0,GMS,PreviousYear,per_year,0.8323999999999999,0.8172,20.81,20.43,,,,,,1838049.107142857,,,
2025,IR-E-U-0391,Birla Institute of Technology & Science -Pilani,11.0,GMS,PreviousYear,per_year,0.8088,0.7848,20.22,19.62,,,,,,1801338.2899628254,,,
2025,IR-E-U-0273,Indian Institute of Technology Indore,12.0,GMS,PreviousYear,per_year,0.8340000000000001,0.8088,20.85,20.22,,,,,,1601237.3134328357,,,
2025,IR-E-U-0357,National Institute of Technology Rourkela,13.0,GMS,PreviousYear,per_year,0.6772,0.6068,16.93,15.17,,,,,,1269462.8008752735,,,
2025,IR-E-U-0473,S.R.M. Institute of Science and Technology,14.0,GMS,PreviousYear,per_year,0.43119999999999997,0.4012,10.78,10.03,,,,,,561390.2492507858,,,
2025,IR-E-U-0205,Indian Institute of Technology (Indian School of Mines),15.0,GMS,PreviousYear,per_year,0.7136,0.7143999999999999,17.84,17.86,,,,,,1310741.0611303344,,,
2025,IR-E-U-0490,Vellore Institute of Technology,16.0,GMS,PreviousYear,per_year,0.5572,0.5347999999999999,13.93,13.37,,,,,,848761.7267023972,,,
2025,IR-E-U-0237,"National Institute of Technology Karnataka, Surathkal",17.0,GMS,PreviousYear,per_year,0.7120000000000001,0.6872,17.8,17.18,,,,,,1237495.395159563,,,
2025,IR-E-U-0575,Jadavpur University,18.0,GMS,PreviousYear,per_year,0.6076,0.608,15.19,15.2,,,,,,995103.6770804534,,,
2025,IR-E-U-0064,Indian Institute of Technology Patna,19.0,GMS,PreviousYear,per_year,0.848,0.8295999999999999,21.2,20.74,,,,,,2135945.0726979,,,
2025,IR-E-U-0439,Anna University,20.0,GMS,PreviousYear,per_year,0.5044,0.4696,12.61,11.74,,,,,,690211.5976965314,,,
2025,IR-E-U-0263,National Institute of Technology Calicut,21.0,GMS,PreviousYear,per_year,0.652,0.6335999999999999,16.3,15.84,,,,,,1139560.7529948659,,,
2025,IR-E-U-0363,Siksha `O` Anusandhan,22.0,GMS,PreviousYear,per_year,0.4224,0.39520000000000005,10.56,9.88,,,,,,548173.1120029186,,,
2025,IR-E-U-0436,Amrita Vishwa Vidyapeetham,23.0,GMS,PreviousYear,per_year,0.47240000000000004,0.4288,11.81,10.72,,,,,,675898.5359251968,,,
2025,IR-E-U-0108,Jamia Millia Islamia,24.0,GMS,PreviousYear,per_year,0.6256,0.5476,15.64,13.69,,,,,,1135842.7835051545,,,
2025,IR-E-U-0139,Indian Institute of Technology Gandhinagar,25.0,GMS,PreviousYear,per_year,0.7308,0.6988,18.27,17.47,,,,,,1435586.3509749305,,,
2025,IR-E-U-0184,Indian Institute of Technology Mandi,26.0,GMS,PreviousYear,per_year,0.848,0.8548,21.2,21.37,,,,,,1405952.380952381,,,
2025,IR-E-U-0395,Indian Institute of Technology Jodhpur,27.0,GMS,PreviousYear,per_year,0.7216,0.7308,18.04,18.27,,,,,,1369689.84962406,,,
2025,IR-E-U-0025,National Institute of Technology Warangal,28.0,GMS,PreviousYear,per_year,0.738,0.7136,18.45,17.84,,,,,,1341114.8936170214,,,
2025,IR-E-I-1480,Thapar Institute of Engineering and Technology (Deemed-to-be-university),29.0,GMS,PreviousYear,per_year,0.622,0.6096,15.55,15.24,,,,,,1057462.0328849028,,,
2025,IR-E-U-0098,Delhi Technological University,30.0,GMS,PreviousYear,per_year,0.6995999999999999,0.6896,17.49,17.24,,,,,,1329964.3729641694,,,
2025,IR-E-U-0747,Chandigarh University,31.0,GMS,PreviousYear,per_year,0.5268,0.5164,13.17,12.91,,,,,,778841.1789652248,,,
2025,IR-E-U-0378,Indian Institute of Technology Ropar,32.0,GMS,PreviousYear,per_year,0.802,0.78,20.05,19.5,,,,,,1669223.3183856502,,,
2025,IR-E-U-0458,Kalasalingam Academy of Research and Education,33.0,GMS,PreviousYear,per_year,0.4556,0.4428,11.39,11.07,,,,,,616899.2874109264,,,
2025,IR-E-U-0496,Aligarh Muslim University,34.0,GMS,PreviousYear,per_year,0.4424,0.4436,11.06,11.09,,,,,,574968.9578713969,,,
2025,IR-E-U-0020,Koneru Lakshmaiah Education Foundation University (K L College of Engineering),35.0,GMS,PreviousYear,per_year,0.5224,0.4824,13.06,12.06,,,,,,767361.9310500225,,,
2025,IR-E-U-0356,Kalinga Institute of Industrial Technology,36.0,GMS,PreviousYear,per_year,0.4708,0.46520000000000006,11.77,11.63,,,,,,647794.6902654867,,,
2025,IR-E-U-0497,Amity University,37.0,GMS,PreviousYear,per_year,0.43119999999999997,0.39799999999999996,10.78,9.95,,,,,,544090.0,,,
2025,IR-E-U-0014,International Institute of Information Technology Hyderabad,38.0,GMS,PreviousYear,per_year,1.0,1.0,25.0,25.0,,,,,,2711349.7536945813,,,
2025,IR-E-U-0355,Indian Institute of Technology Bhubaneswar,39.0,GMS,PreviousYear,per_year,0.7368000000000001,0.7424,18.42,18.56,,,,,,1375488.1038211968,,,
2025,IR-E-U-0476,Shanmugha Arts Science Technology & Research Academy,40.0,GMS,PreviousYear,per_year,0.5164,0.5028,12.91,12.57,,,,,,748942.9440171705,,,
2025,IR-E-U-0308,Institute of Chemical Technology,41.0,GMS,PreviousYear,per_year,0.5456,0.5224,13.64,13.06,,,,,,723058.0688723836,,,
2025,IR-E-U-0410,Malaviya National Institute of Technology,42.0,GMS,PreviousYear,per_year,0.618,0.5956,15.45,14.89,,,,,,1011439.3026941363,,,
2025,IR-E-U-0564,UPES,43.0,GMS,PreviousYear,per_year,0.45,0.42560000000000003,11.25,10.64,,,,,,588711.2249650676,,,
2025,IR-E-U-0334,"Visvesvaraya National Institute of Technology, Nagpur",44.0,GMS,PreviousYear,per_year,0.622,0.6248,15.55,15.62,,,,,,985631.2759833706,,,
2025,IR-E-I-1441,Saveetha Institute of Medical and Technical Sciences,45.0,GMS,PreviousYear,per_year,0.3616,0.3444,9.04,8.61,,,,,,428717.98984228814,,,
2025,IR-E-U-0329,Symbiosis International,46.0,GMS,PreviousYear,per_year,0.5047999999999999,,12.62,,,,,,,718963.9639639639,,,
2025,IR-E-C-16604,Sri Sivasubramaniya Nadar College of Engineering,47.0,GMS,PreviousYear,per_year,0.5356000000000001,0.5028,13.39,12.57,,,,,,795480.6669031571,,,
2025,IR-E-U-0379,Lovely Professional University,48.0,GMS,PreviousYear,per_year,0.5015999999999999,0.45880000000000004,12.54,11.47,,,,,,721296.489603502,,,
2025,IR-E-U-0577,National Institute of Technology Durgapur,49.0,GMS,PreviousYear,per_year,0.6332,0.5956,15.83,14.89,,,,,,1079355.7788944724,,,
2025,IR-E-U-0055,National Institute of Technology Silchar,50.0,GMS,PreviousYear,per_year,0.6612,0.6364,16.53,15.91,,,,,,1082481.865284974,,,
2025,IR-E-U-0202,Birla Institute of Technology,51.0,GMS,PreviousYear,per_year,0.6024,0.5952000000000001,15.06,14.88,,,,,,957638.8019323671,,,
2025,IR-E-U-0555,Graphic Era University,52.0,GMS,PreviousYear,per_year,0.43799999999999994,0.4524,10.95,11.31,,,,,,573163.5612855008,,,
2025,IR-E-U-0072,National Institute of Technology Patna,53.0,GMS,PreviousYear,per_year,0.5676,0.5736,14.19,14.34,,,,,,833810.4417670682,,,
2025,IR-E-U-0584,"Indian Institute of Engineering Science and Technology, Shibpur",54.0,GMS,PreviousYear,per_year,0.5367999999999999,0.5284,13.42,13.21,,,,,,797764.7058823529,,,
2025,IR-E-U-0374,"Dr. B R Ambedkar National Institute of Technology, Jalandhar",55.0,GMS,PreviousYear,per_year,0.5556,0.5464,13.89,13.66,,,,,,892991.4277268696,,,
2025,IR-E-U-0906,Indian Institute of Technology Jammu,56.0,GMS,PreviousYear,per_year,0.7268000000000001,0.7143999999999999,18.17,17.86,,,,,,1487116.8831168832,,,
2025,IR-E-U-0844,"Indian Institute of Technology, Tirupati",57.0,GMS,PreviousYear,per_year,0.6892,0.6804000000000001,17.23,17.01,,,,,,1282759.3984962406,,,
2025,IR-E-U-0749,Manipal University Jaipur,58.0,GMS,PreviousYear,per_year,0.4852,0.4496,12.13,11.24,,,,,,688564.032016008,,,
2025,IR-E-C-7252,Manipal Institute of Technology,59.0,GMS,PreviousYear,per_year,0.55,0.5332,13.75,13.33,,,,,,830848.6619032153,,,
2025,IR-E-U-0739,Madan Mohan Malaviya University of Technology,60.0,GMS,PreviousYear,per_year,0.574,0.4568,14.35,11.42,,,,,,853827.0594744121,,,
2025,IR-E-U-0255,Indian Institute of Space Science and Technology,61.0,GMS,PreviousYear,per_year,0.636,0.6347999999999999,15.9,15.87,,,,,,1028126.8623853211,,,
2025,IR-E-U-0530,Motilal Nehru National Institute of Technology,62.0,GMS,PreviousYear,per_year,0.7051999999999999,0.6888,17.63,17.22,,,,,,1242202.632232431,,,
2025,IR-E-U-0105,Indraprastha Institute of Information Technology,63.0,GMS,PreviousYear,per_year,0.7979999999999999,0.7868,19.95,19.67,,,,,,1748403.2946918854,,,
2025,IR-E-U-0878,Indian Institute of Technology Palakkad,64.0,GMS,PreviousYear,per_year,0.6804000000000001,0.662,17.01,16.55,,,,,,1157338.2352941176,,,
2025,IR-E-U-0622,National Institute of Technology Delhi,65.0,GMS,PreviousYear,per_year,0.746,0.6908,18.65,17.27,,,,,,1501764.127243067,,,
2025,IR-E-U-0149,Sardar Vallabhbhai National Institute of Technology,66.0,GMS,PreviousYear,per_year,0.5711999999999999,0.5464,14.28,13.66,,,,,,845605.6552143509,,,
2025,IR-E-C-37013,PSG College of Technology,67.0,GMS,PreviousYear,per_year,0.4868,0.46520000000000006,12.17,11.63,,,,,,673059.0652953839,,,
2025,IR-E-U-0474,Sathyabama Institute of Science and Technology,67.0,GMS,PreviousYear,per_year,0.4028,0.366,10.07,9.15,,,,,,520180.7268702966,,,
2025,IR-E-U-0221,International Institute of Information Technology Bangalore,69.0,GMS,PreviousYear,per_year,0.9431999999999999,0.9072,23.58,22.68,,,,,,2292572.661870504,,,
2025,IR-E-C-6379,Netaji Subhas University of Technology (NSUT),70.0,GMS,PreviousYear,per_year,0.7704000000000001,0.754,19.26,18.85,,,,,,1627670.1323251417,,,
2025,IR-E-U-0389,Banasthali Vidyapith,71.0,GMS,PreviousYear,per_year,0.5579999999999999,0.5172,13.95,12.93,,,,,,859752.7577025485,,,
2025,IR-E-U-0946,Indian Institute of Technology Bhilai,72.0,GMS,PreviousYear,per_year,0.7051999999999999,0.6972,17.63,17.43,,,,,,1310065.5021834061,,,
2025,IR-E-U-0197,National Institute of Technology Srinagar,73.0,GMS,PreviousYear,per_year,0.6056,0.5608,15.14,14.02,,,,,,976498.643761302,,,
2025,IR-E-U-0042,University of Hyderabad,74.0,GMS,PreviousYear,per_year,0.5804,0.48719999999999997,14.51,12.18,,,,,,659921.4659685864,,,
2025,IR-E-C-1331,M. S. Ramaiah Institute of Technology,75.0,GMS,PreviousYear,per_year,0.5024000000000001,0.4824,12.56,12.06,,,,,,711196.7938087342,,,
2025,IR-E-U-0217,Christ University,76.0,GMS,PreviousYear,per_year,0.4044,0.3936,10.11,9.84,,,,,,518744.6504992867,,,
2025,IR-E-U-0899,Indian Institute of Technology Dharwad,77.0,GMS,PreviousYear,per_year,0.7020000000000001,,17.55,,,,,,,1296901.4084507043,,,
2025,IR-E-U-0535,Rajiv Gandhi Institute of Petroleum Technology,78.0,GMS,PreviousYear,per_year,0.5516,0.5476,13.79,13.69,,,,,,791958.7628865979,,,
2025,IR-E-U-0384,Sant Longowal Institute of Engineering & Technology,79.0,GMS,PreviousYear,per_year,0.3464,0.3428,8.66,8.57,,,,,,400131.1563169165,,,
2025,IR-E-U-0043,"Vignan's Foundation for Science, Technology and Research",80.0,GMS,PreviousYear,per_year,0.3872,0.4156,9.68,10.39,,,,,,480457.76145370194,,,
2025,IR-E-U-0284,Maulana Azad National Institute of Technology,81.0,GMS,PreviousYear,per_year,0.66,0.64,16.5,16.0,,,,,,1128767.9083094555,,,
2025,IR-E-U-0207,"National Institute of Technology, Jamshedpur",82.0,GMS,PreviousYear,per_year,0.62,,15.5,,,,,,,1031261.2403100776,,,
2025,IR-E-U-0619,National Institute of Technology Meghalaya,83.0,GMS,PreviousYear,per_year,0.6015999999999999,0.5652,15.04,14.13,,,,,,968903.0303030303,,,
2025,IR-E-U-0223,"Jain university,Bangalore",84.0,GMS,PreviousYear,per_year,0.478,0.4384,11.95,10.96,,,,,,669514.4101876676,,,
2025,IR-E-U-0172,National Institute of Technology Kurukshetra,85.0,GMS,PreviousYear,per_year,0.6136,0.622,15.34,15.55,,,,,,991813.3367662204,,,
2025,IR-E-U-0092,"National Institute of Technology, Raipur",86.0,GMS,PreviousYear,per_year,0.5692,0.5668,14.23,14.17,,,,,,877288.0783519081,,,
2025,IR-E-U-0489,Vel Tech Rangarajan Dr. Sagunthala R & D Institute of Science and Technology,87.0,GMS,PreviousYear,per_year,0.3432,0.34119999999999995,8.58,8.53,,,,,,397697.33288318705,,,
2025,IR-E-C-24004,AU College of Engineering (A),88.0,GMS,PreviousYear,per_year,0.4596,0.4556,11.49,11.39,,,,,,641988.4020618557,,,
2025,IR-E-U-0373,Chitkara University,89.0,GMS,PreviousYear,per_year,0.4844,0.4808,12.11,12.02,,,,,,671739.9428445812,,,
2025,IR-E-U-1257,COEP Technological University,90.0,GMS,PreviousYear,per_year,0.6015999999999999,,15.04,,,,,,,925368.7521845509,,,
2025,IR-E-U-0456,Indian Institute of Technology Madras,1.0,GPHD,PreviousYear,per_year,0.834,0.849,16.68,16.98,,,,,,,137.66666666666666,,
2025,IR-E-I-1074,Indian Institute of Technology Delhi,2.0,GPHD,PreviousYear,per_year,0.8945000000000001,0.8744999999999999,17.89,17.49,,,,,,,187.66666666666666,,
2025,IR-E-U-0306,Indian Institute of Technology Bombay,3.0,GPHD,PreviousYear,per_year,1.0,0.9435,20.0,18.87,,,,,,,224.33333333333334,,
2025,IR-E-I-1075,Indian Institute of Technology Kanpur,4.0,GPHD,PreviousYear,per_year,0.765,0.8039999999999999,15.3,16.08,,,,,,,111.66666666666667,,
2025,IR-E-U-0573,Indian Institute of Technology Kharagpur,5.0,GPHD,PreviousYear,per_year,0.9894999999999999,1.0,19.79,20.0,,,,,,,202.33333333333334,,
2025,IR-E-U-0560,Indian Institute of Technology Roorkee,6.0,GPHD,PreviousYear,per_year,0.639,0.722,12.78,14.44,,,,,,,77.0,,
2025,IR-E-U-0013,Indian Institute of Technology Hyderabad,7.0,GPHD,PreviousYear,per_year,0.4345,0.4505,8.69,9.01,,,,,,,43.5,,
2025,IR-E-U-0053,Indian Institute of Technology Guwahati,8.0,GPHD,PreviousYear,per_year,0.775,0.7855000000000001,15.5,15.71,,,,,,,123.66666666666667,,
2025,IR-E-U-0467,National Institute of Technology Tiruchirappalli,9.0,GPHD,PreviousYear,per_year,0.5345,0.5675,10.69,11.35,,,,,,,74.16666666666667,,
2025,IR-E-U-0701,Indian Institute of Technology (Banaras Hindu University) Varanasi,10.0,GPHD,PreviousYear,per_year,0.688,0.645,13.76,12.9,,,,,,,90.5,,
2025,IR-E-U-0391,Birla Institute of Technology & Science -Pilani,11.0,GPHD,PreviousYear,per_year,0.379,0.3755,7.58,7.51,,,,,,,42.5,,
2025,IR-E-U-0273,Indian Institute of Technology Indore,12.0,GPHD,PreviousYear,per_year,0.4615,0.49800000000000005,9.23,9.96,,,,,,,43.0,,
2025,IR-E-U-0357,National Institute of Technology Rourkela,13.0,GPHD,PreviousYear,per_year,0.6005,0.5815,12.01,11.63,,,,,,,67.0,,
2025,IR-E-U-0473,S.R.M. Institute of Science and Technology,14.0,GPHD,PreviousYear,per_year,0.5825,0.5145,11.65,10.29,,,,,,,119.83333333333333,,
2025,IR-E-U-0205,Indian Institute of Technology (Indian School of Mines),15.0,GPHD,PreviousYear,per_year,0.7285,0.709,14.57,14.18,,,,,,,165.66666666666666,,
2025,IR-E-U-0490,Vellore Institute of Technology,16.0,GPHD,PreviousYear,per_year,0.686,0.6155,13.72,12.31,,,,,,,106.66666666666667,,
2025,IR-E-U-0237,"National Institute of Technology Karnataka, Surathkal",17.0,GPHD,PreviousYear,per_year,0.5389999999999999,0.585,10.78,11.7,,,,,,,67.16666666666667,,
2025,IR-E-U-0575,Jadavpur University,18.0,GPHD,PreviousYear,per_year,0.5955,0.623,11.91,12.46,,,,,,,66.0,,
2025,IR-E-U-0064,Indian Institute of Technology Patna,19.0,GPHD,PreviousYear,per_year,0.4965,0.44000000000000006,9.93,8.8,,,,,,,52.5,,
2025,IR-E-U-0439,Anna University,20.0,GPHD,PreviousYear,per_year,0.633,0.6715,12.66,13.43,,,,,,,118.0,,
2025,IR-E-U-0263,National Institute of Technology Calicut,21.0,GPHD,PreviousYear,per_year,0.483,0.5309999999999999,9.66,10.62,,,,,,,45.5,,
2025,IR-E-U-0363,Siksha `O` Anusandhan,22.0,GPHD,PreviousYear,per_year,0.5305,0.4955,10.61,9.91,,,,,,,54.0,,
2025,IR-E-U-0436,Amrita Vishwa Vidyapeetham,23.0,GPHD,PreviousYear,per_year,0.2455,0.1545,4.91,3.09,,,,,,,30.333333333333332,,
2025,IR-E-U-0108,Jamia Millia Islamia,24.0,GPHD,PreviousYear,per_year,0.395,0.413,7.9,8.26,,,,,,,32.833333333333336,,
2025,IR-E-U-0139,Indian Institute of Technology Gandhinagar,25.0,GPHD,PreviousYear,per_year,0.329,0.383,6.58,7.66,,,,,,,25.333333333333332,,
2025,IR-E-U-0184,Indian Institute of Technology Mandi,26.0,GPHD,PreviousYear,per_year,0.34700000000000003,0.39249999999999996,6.94,7.85,,,,,,,29.5,,
2025,IR-E-U-0395,Indian Institute of Technology Jodhpur,27.0,GPHD,PreviousYear,per_year,0.157,0.178,3.14,3.56,,,,,,,10.5,,
2025,IR-E-U-0025,National Institute of Technology Warangal,28.0,GPHD,PreviousYear,per_year,0.453,0.475,9.06,9.5,,,,,,,49.166666666666664,,
2025,IR-E-I-1480,Thapar Institute of Engineering and Technology (Deemed-to-be-university),29.0,GPHD,PreviousYear,per_year,0.46950000000000003,0.4725,9.39,9.45,,,,,,,52.833333333333336,,
2025,IR-E-U-0098,Delhi Technological University,30.0,GPHD,PreviousYear,per_year,0.446,0.34049999999999997,8.92,6.81,,,,,,,65.66666666666667,,
2025,IR-E-U-0747,Chandigarh University,31.0,GPHD,PreviousYear,per_year,0.42000000000000004,0.48250000000000004,8.4,9.65,,,,,,,46.166666666666664,,
2025,IR-E-U-0378,Indian Institute of Technology Ropar,32.0,GPHD,PreviousYear,per_year,0.42000000000000004,0.34249999999999997,8.4,6.85,,,,,,,38.5,,
2025,IR-E-U-0458,Kalasalingam Academy of Research and Education,33.0,GPHD,PreviousYear,per_year,0.454,0.461,9.08,9.22,,,,,,,49.0,,
2025,IR-E-U-0496,Aligarh Muslim University,34.0,GPHD,PreviousYear,per_year,0.286,0.312,5.72,6.24,,,,,,,21.833333333333332,,
2025,IR-E-U-0020,Koneru Lakshmaiah Education Foundation University (K L College of Engineering),35.0,GPHD,PreviousYear,per_year,0.5535,0.48600000000000004,11.07,9.72,,,,,,,73.66666666666667,,
2025,IR-E-U-0356,Kalinga Institute of Industrial Technology,36.0,GPHD,PreviousYear,per_year,0.6025,0.591,12.05,11.82,,,,,,,67.5,,
2025,IR-E-U-0497,Amity University,37.0,GPHD,PreviousYear,per_year,0.3365,0.3335,6.73,6.67,,,,,,,70.5,,
2025,IR-E-U-0014,International Institute of Information Technology Hyderabad,38.0,GPHD,PreviousYear,per_year,0.1405,0.1355,2.81,2.71,,,,,,,13.166666666666666,,
2025,IR-E-U-0355,Indian Institute of Technology Bhubaneswar,39.0,GPHD,PreviousYear,per_year,0.34950000000000003,0.33199999999999996,6.99,6.64,,,,,,,27.333333333333332,,
2025,IR-E-U-0476,Shanmugha Arts Science Technology & Research Academy,40.0,GPHD,PreviousYear,per_year,0.5325,0.4835,10.65,9.67,,,,,,,57.0,,
2025,IR-E-U-0308,Institute of Chemical Technology,41.0,GPHD,PreviousYear,per_year,0.344,0.45199999999999996,6.88,9.04,,,,,,,29.833333333333332,,
2025,IR-E-U-0410,Malaviya National Institute of Technology,42.0,GPHD,PreviousYear,per_year,0.41500000000000004,0.41150000000000003,8.3,8.23,,,,,,,50.333333333333336,,
2025,IR-E-U-0564,UPES,43.0,GPHD,PreviousYear,per_year,0.0195,0.03,0.39,0.6,,,,,,,12.333333333333334,,
2025,IR-E-U-0334,"Visvesvaraya National Institute of Technology, Nagpur",44.0,GPHD,PreviousYear,per_year,0.392,0.3895,7.84,7.79,,,,,,,38.5,,
2025,IR-E-I-1441,Saveetha Institute of Medical and Technical Sciences,45.0,GPHD,PreviousYear,per_year,0.1545,0.10300000000000001,3.09,2.06,,,,,,,32.666666666666664,,
2025,IR-E-U-0329,Symbiosis International,46.0,GPHD,PreviousYear,per_year,0.27549999999999997,,5.51,,,,,,,,41.166666666666664,,
2025,IR-E-C-16604,Sri Sivasubramaniya Nadar College of Engineering,47.0,GPHD,PreviousYear,per_year,0.29900000000000004,0.3355,5.98,6.71,,,,,,,36.333333333333336,,
2025,IR-E-U-0379,Lovely Professional University,48.0,GPHD,PreviousYear,per_year,0.2455,0.2375,4.91,4.75,,,,,,,56.0,,
2025,IR-E-U-0577,National Institute of Technology Durgapur,49.0,GPHD,PreviousYear,per_year,0.43899999999999995,0.4725,8.78,9.45,,,,,,,41.166666666666664,,
2025,IR-E-U-0055,National Institute of Technology Silchar,50.0,GPHD,PreviousYear,per_year,0.391,0.409,7.82,8.18,,,,,,,39.833333333333336,,
2025,IR-E-U-0202,Birla Institute of Technology,51.0,GPHD,PreviousYear,per_year,0.279,0.27149999999999996,5.58,5.43,,,,,,,23.0,,
2025,IR-E-U-0555,Graphic Era University,52.0,GPHD,PreviousYear,per_year,0.11100000000000002,0.1545,2.22,3.09,,,,,,,9.166666666666666,,
2025,IR-E-U-0072,National Institute of Technology Patna,53.0,GPHD,PreviousYear,per_year,0.392,0.34750000000000003,7.84,6.95,,,,,,,55.0,,
2025,IR-E-U-0584,"Indian Institute of Engineering Science and Technology, Shibpur",54.0,GPHD,PreviousYear,per_year,0.465,0.5345,9.3,10.69,,,,,,,42.666666666666664,,
2025,IR-E-U-0374,"Dr. B R Ambedkar National Institute of Technology, Jalandhar",55.0,GPHD,PreviousYear,per_year,0.3135,0.3285,6.27,6.57,,,,,,,26.666666666666668,,
2025,IR-E-U-0906,Indian Institute of Technology Jammu,56.0,GPHD,PreviousYear,per_year,0.10300000000000001,0.0715,2.06,1.43,,,,,,,5.833333333333333,,
2025,IR-E-U-0844,"Indian Institute of Technology, Tirupati",57.0,GPHD,PreviousYear,per_year,0.0385,0.03,0.77,0.6,,,,,,,2.0,,
2025,IR-E-U-0749,Manipal University Jaipur,58.0,GPHD,PreviousYear,per_year,0.0505,0.057999999999999996,1.01,1.16,,,,,,,12.5,,
2025,IR-E-C-7252,Manipal Institute of Technology,59.0,GPHD,PreviousYear,per_year,0.2565,0.2395,5.13,4.79,,,,,,,17.666666666666668,,
2025,IR-E-U-0739,Madan Mohan Malaviya University of Technology,60.0,GPHD,PreviousYear,per_year,0.395,0.193,7.9,3.86,,,,,,,35.5,,
2025,IR-E-U-0255,Indian Institute of Space Science and Technology,61.0,GPHD,PreviousYear,per_year,0.20049999999999998,0.186,4.01,3.72,,,,,,,15.5,,
2025,IR-E-U-0530,Motilal Nehru National Institute of Technology,62.0,GPHD,PreviousYear,per_year,0.335,0.397,6.7,7.94,,,,,,,34.833333333333336,,
2025,IR-E-U-0105,Indraprastha Institute of Information Technology,63.0,GPHD,PreviousYear,per_year,0.198,0.20049999999999998,3.96,4.01,,,,,,,12.666666666666666,,
2025,IR-E-U-0878,Indian Institute of Technology Palakkad,64.0,GPHD,PreviousYear,per_year,0.076,0.05500000000000001,1.52,1.1,,,,,,,4.166666666666667,,
2025,IR-E-U-0622,National Institute of Technology Delhi,65.0,GPHD,PreviousYear,per_year,0.159,0.13799999999999998,3.18,2.76,,,,,,,10.5,,
2025,IR-E-U-0149,Sardar Vallabhbhai National Institute of Technology,66.0,GPHD,PreviousYear,per_year,0.307,0.344,6.14,6.88,,,,,,,36.166666666666664,,
2025,IR-E-C-37013,PSG College of Technology,67.0,GPHD,PreviousYear,per_year,0.1355,0.1655,2.71,3.31,,,,,,,27.666666666666668,,
2025,IR-E-U-0474,Sathyabama Institute of Science and Technology,67.0,GPHD,PreviousYear,per_year,0.2395,0.3085,4.79,6.17,,,,,,,46.333333333333336,,
2025,IR-E-U-0221,International Institute of Information Technology Bangalore,69.0,GPHD,PreviousYear,per_year,0.0735,0.065,1.47,1.3,,,,,,,5.333333333333333,,
2025,IR-E-C-6379,Netaji Subhas University of Technology (NSUT),70.0,GPHD,PreviousYear,per_year,0.3365,0.361,6.73,7.22,,,,,,,25.833333333333332,,
2025,IR-E-U-0389,Banasthali Vidyapith,71.0,GPHD,PreviousYear,per_year,0.3665,0.391,7.33,7.82,,,,,,,29.333333333333332,,
2025,IR-E-U-0946,Indian Institute of Technology Bhilai,72.0,GPHD,PreviousYear,per_year,0.041499999999999995,0.0335,0.83,0.67,,,,,,,2.8333333333333335,,
2025,IR-E-U-0197,National Institute of Technology Srinagar,73.0,GPHD,PreviousYear,per_year,0.372,0.361,7.44,7.22,,,,,,,33.5,,
2025,IR-E-U-0042,University of Hyderabad,74.0,GPHD,PreviousYear,per_year,0.27549999999999997,0.29700000000000004,5.51,5.94,,,,,,,20.166666666666668,,
2025,IR-E-C-1331,M. S. Ramaiah Institute of Technology,75.0,GPHD,PreviousYear,per_year,0.098,0.097,1.96,1.94,,,,,,,22.333333333333332,,
2025,IR-E-U-0217,Christ University,76.0,GPHD,PreviousYear,per_year,0.0225,0.040999999999999995,0.45,0.82,,,,,,,3.1666666666666665,,
2025,IR-E-U-0899,Indian Institute of Technology Dharwad,77.0,GPHD,PreviousYear,per_year,0.0705,,1.41,,,,,,,,3.8333333333333335,,
2025,IR-E-U-0535,Rajiv Gandhi Institute of Petroleum Technology,78.0,GPHD,PreviousYear,per_year,0.1405,0.14650000000000002,2.81,2.93,,,,,,,9.166666666666666,,
2025,IR-E-U-0384,Sant Longowal Institute of Engineering & Technology,79.0,GPHD,PreviousYear,per_year,0.131,0.1545,2.62,3.09,,,,,,,12.0,,
2025,IR-E-U-0043,"Vignan's Foundation for Science, Technology and Research",80.0,GPHD,PreviousYear,per_year,0.2705,0.22599999999999998,5.41,4.52,,,,,,,30.5,,
2025,IR-E-U-0284,Maulana Azad National Institute of Technology,81.0,GPHD,PreviousYear,per_year,0.284,0.267,5.68,5.34,,,,,,,26.833333333333332,,
2025,IR-E-U-0207,"National Institute of Technology, Jamshedpur",82.0,GPHD,PreviousYear,per_year,0.29900000000000004,,5.98,,,,,,,,29.0,,
2025,IR-E-U-0619,National Institute of Technology Meghalaya,83.0,GPHD,PreviousYear,per_year,0.1615,0.16799999999999998,3.23,3.36,,,,,,,11.333333333333334,,
2025,IR-E-U-0223,"Jain university,Bangalore",84.0,GPHD,PreviousYear,per_year,0.17450000000000002,0.20299999999999999,3.49,4.06,,,,,,,10.833333333333334,,
2025,IR-E-U-0172,National Institute of Technology Kurukshetra,85.0,GPHD,PreviousYear,per_year,0.2225,0.244,4.45,4.88,,,,,,,26.666666666666668,,
2025,IR-E-U-0092,"National Institute of Technology, Raipur",86.0,GPHD,PreviousYear,per_year,0.3655,0.388,7.31,7.76,,,,,,,41.666666666666664,,
2025,IR-E-U-0489,Vel Tech Rangarajan Dr. Sagunthala R & D Institute of Science and Technology,87.0,GPHD,PreviousYear,per_year,0.0705,0.051500000000000004,1.41,1.03,,,,,,,26.333333333333332,,
2025,IR-E-C-24004,AU College of Engineering (A),88.0,GPHD,PreviousYear,per_year,0.454,0.43550000000000005,9.08,8.71,,,,,,,74.33333333333333,,
2025,IR-E-U-0373,Chitkara University,89.0,GPHD,PreviousYear,per_year,0.17450000000000002,0.16,3.49,3.2,,,,,,,17.5,,
2025,IR-E-U-1257,COEP Technological University,90.0,GPHD,PreviousYear,per_year,0.126,,2.52,,,,,,,,19.166666666666668,,
2025,IR-E-U-0456,Indian Institute of Technology Madras,1.0,SS,PreviousYear,per_year,0.925,0.925,18.5,18.5,,,,,,,,0.6255860683188211,0.44608171466845276
2025,IR-E-I-1074,Indian Institute of Technology Delhi,2.0,SS,PreviousYear,per_year,0.8225,0.925,16.45,18.5,,,,,,,,0.8334569732937686,0.6327893175074184
2025,IR-E-U-0306,Indian Institute of Technology Bombay,3.0,SS,PreviousYear,per_year,0.925,0.925,18.5,18.5,,,,,,,,0.8834089191232048,0.7537792894935752
2025,IR-E-I-1075,Indian Institute of Technology Kanpur,4.0,SS,PreviousYear,per_year,0.909,0.9164999999999999,18.18,18.33,,,,,,,,1.0177819372952737,0.9878334113242864
2025,IR-E-U-0573,Indian Institute of Technology Kharagpur,5.0,SS,PreviousYear,per_year,0.9115,0.9880000000000001,18.23,19.76,,,,,,,,0.5616733312826823,0.5243002153183636
2025,IR-E-U-0560,Indian Institute of Technology Roorkee,6.0,SS,PreviousYear,per_year,0.8875,0.883,17.75,17.66,,,,,,,,1.4072553045859,1.9329226557152634
2025,IR-E-U-0013,Indian Institute of Technology Hyderabad,7.0,SS,PreviousYear,per_year,0.6245,0.6205,12.49,12.41,,,,,,,,0.48665955176093917,0.9348986125933831
2025,IR-E-U-0053,Indian Institute of Technology Guwahati,8.0,SS,PreviousYear,per_year,0.893,0.916,17.86,18.32,,,,,,,,0.9563829787234043,1.2340425531914894
2025,IR-E-U-0467,National Institute of Technology Tiruchirappalli,9.0,SS,PreviousYear,per_year,0.875,0.875,17.5,17.5,,,,,,,,1.1213692946058091,0.8516597510373444
2025,IR-E-U-0701,Indian Institute of Technology (Banaras Hindu University) Varanasi,10.0,SS,PreviousYear,per_year,0.881,0.8140000000000001,17.62,16.28,,,,,,,,0.5132664037289351,0.21441376837576193
2025,IR-E-U-0391,Birla Institute of Technology & Science -Pilani,11.0,SS,PreviousYear,per_year,0.95,0.8935000000000001,19.0,17.87,,,,,,,,0.6312534109514281,0.15499363289066764
2025,IR-E-U-0273,Indian Institute of Technology Indore,12.0,SS,PreviousYear,per_year,0.6275000000000001,0.5365,12.55,10.73,,,,,,,,0.5666666666666667,0.49925925925925924
2025,IR-E-U-0357,National Institute of Technology Rourkela,13.0,SS,PreviousYear,per_year,0.875,0.875,17.5,17.5,,,,,,,,2.1639676113360324,0.951417004048583
2025,IR-E-U-0473,S.R.M. Institute of Science and Technology,14.0,SS,PreviousYear,per_year,0.891,0.9019999999999999,17.82,18.04,,,,,,,,0.474581139301101,0.1430349449497367
2025,IR-E-U-0205,Indian Institute of Technology (Indian School of Mines),15.0,SS,PreviousYear,per_year,0.7935,0.7715,15.87,15.43,,,,,,,,0.6625555007400099,0.3384311790823878
2025,IR-E-U-0490,Vellore Institute of Technology,16.0,SS,PreviousYear,per_year,1.0,1.0,20.0,20.0,,,,,,,,0.827317880794702,0.16070640176600443
2025,IR-E-U-0237,"National Institute of Technology Karnataka, Surathkal",17.0,SS,PreviousYear,per_year,0.875,0.875,17.5,17.5,,,,,,,,0.8756698821007503,0.3168988924615934
2025,IR-E-U-0575,Jadavpur University,18.0,SS,PreviousYear,per_year,0.9125,0.925,18.25,18.5,,,,,,,,0.638695652173913,0.46608695652173915
2025,IR-E-U-0064,Indian Institute of Technology Patna,19.0,SS,PreviousYear,per_year,0.624,0.601,12.48,12.02,,,,,,,,0.4068270844991606,0.4152210408505876
2025,IR-E-U-0439,Anna University,20.0,SS,PreviousYear,per_year,0.893,0.7969999999999999,17.86,15.94,,,,,,,,0.5163865546218488,0.36470588235294116
2025,IR-E-U-0263,National Institute of Technology Calicut,21.0,SS,PreviousYear,per_year,0.8,0.8,16.0,16.0,,,,,,,,0.7336956521739131,0.45815217391304347
2025,IR-E-U-0363,Siksha `O` Anusandhan,22.0,SS,PreviousYear,per_year,0.95,0.875,19.0,17.5,,,,,,,,0.47885572139303484,0.19129353233830845
2025,IR-E-U-0436,Amrita Vishwa Vidyapeetham,23.0,SS,PreviousYear,per_year,0.9,0.8109999999999999,18.0,16.22,,,,,,,,0.5457044673539518,0.19072164948453607
2025,IR-E-U-0108,Jamia Millia Islamia,24.0,SS,PreviousYear,per_year,0.525,0.525,10.5,10.5,,,,,,,,0.5547385620915033,0.29983660130718953
2025,IR-E-U-0139,Indian Institute of Technology Gandhinagar,25.0,SS,PreviousYear,per_year,0.575,0.575,11.5,11.5,,,,,,,,0.4968944099378882,0.7391304347826086
2025,IR-E-U-0184,Indian Institute of Technology Mandi,26.0,SS,PreviousYear,per_year,0.6224999999999999,0.48949999999999994,12.45,9.79,,,,,,,,0.858678955453149,0.5529953917050692
2025,IR-E-U-0395,Indian Institute of Technology Jodhpur,27.0,SS,PreviousYear,per_year,0.625,0.6265,12.5,12.53,,,,,,,,0.46530612244897956,0.9387755102040817
2025,IR-E-U-0025,National Institute of Technology Warangal,28.0,SS,PreviousYear,per_year,0.808,0.825,16.16,16.5,,,,,,,,0.6111880365549709,0.23068402104680144
2025,IR-E-I-1480,Thapar Institute of Engineering and Technology (Deemed-to-be-university),29.0,SS,PreviousYear,per_year,0.9,0.9115,18.0,18.23,,,,,,,,0.31968810916179335,0.06432748538011696
2025,IR-E-U-0098,Delhi Technological University,30.0,SS,PreviousYear,per_year,0.95,0.95,19.0,19.0,,,,,,,,0.5504151838671412,0.25879794385132465
2025,IR-E-U-0747,Chandigarh University,31.0,SS,PreviousYear,per_year,0.8939999999999999,0.8975,17.88,17.95,,,,,,,,0.35862827434513095,0.05038992201559688
2025,IR-E-U-0378,Indian Institute of Technology Ropar,32.0,SS,PreviousYear,per_year,0.585,0.6205,11.7,12.41,,,,,,,,1.7487046632124352,2.5207253886010363
2025,IR-E-U-0458,Kalasalingam Academy of Research and Education,33.0,SS,PreviousYear,per_year,0.8244999999999999,0.8240000000000001,16.49,16.48,,,,,,,,0.5107843137254902,0.16895424836601308
2025,IR-E-U-0496,Aligarh Muslim University,34.0,SS,PreviousYear,per_year,0.55,0.55,11.0,11.0,,,,,,,,1.0082191780821919,0.31917808219178084
2025,IR-E-U-0020,Koneru Lakshmaiah Education Foundation University (K L College of Engineering),35.0,SS,PreviousYear,per_year,0.9324999999999999,0.8734999999999999,18.65,17.47,,,,,,,,0.371771589991929,0.09493543179983858
2025,IR-E-U-0356,Kalinga Institute of Industrial Technology,36.0,SS,PreviousYear,per_year,1.0,1.0,20.0,20.0,,,,,,,,0.36560522151898733,0.12915348101265822
2025,IR-E-U-0497,Amity University,37.0,SS,PreviousYear,per_year,0.6799999999999999,0.8234999999999999,13.6,16.47,,,,,,,,0.9981949458483754,0.36209386281588446
2025,IR-E-U-0014,International Institute of Information Technology Hyderabad,38.0,SS,PreviousYear,per_year,0.454,0.4665,9.08,9.33,,,,,,,,0.5295043273013376,0.13217938630999213
2025,IR-E-U-0355,Indian Institute of Technology Bhubaneswar,39.0,SS,PreviousYear,per_year,0.5525,0.5575,11.05,11.15,,,,,,,,0.5463743676222597,0.25295109612141653
2025,IR-E-U-0476,Shanmugha Arts Science Technology & Research Academy,40.0,SS,PreviousYear,per_year,0.875,0.8160000000000001,17.5,16.32,,,,,,,,1.8799603174603174,0.37896825396825395
2025,IR-E-U-0308,Institute of Chemical Technology,41.0,SS,PreviousYear,per_year,0.575,0.5185,11.5,10.37,,,,,,,,0.9616368286445013,0.49744245524296676
2025,IR-E-U-0410,Malaviya National Institute of Technology,42.0,SS,PreviousYear,per_year,0.7695000000000001,0.7485,15.39,14.97,,,,,,,,0.5433389544688026,0.27622259696458684
2025,IR-E-U-0564,UPES,43.0,SS,PreviousYear,per_year,0.775,0.775,15.5,15.5,,,,,,,,0.46298076923076925,0.062259615384615385
2025,IR-E-U-0334,"Visvesvaraya National Institute of Technology, Nagpur",44.0,SS,PreviousYear,per_year,0.6655,0.697,13.31,13.94,,,,,,,,0.4928309436478826,0.17939313104368124
2025,IR-E-I-1441,Saveetha Institute of Medical and Technical Sciences,45.0,SS,PreviousYear,per_year,0.8009999999999999,0.659,16.02,13.18,,,,,,,,0.4205607476635514,0.20093457943925233
2025,IR-E-U-0329,Symbiosis International,46.0,SS,PreviousYear,per_year,0.54,,10.8,,,,,,,,,0.43157894736842106,0.23684210526315788
2025,IR-E-C-16604,Sri Sivasubramaniya Nadar College of Engineering,47.0,SS,PreviousYear,per_year,0.625,0.675,12.5,13.5,,,,,,,,0.5435897435897435,0.3076923076923077
2025,IR-E-U-0379,Lovely Professional University,48.0,SS,PreviousYear,per_year,0.9,0.9,18.0,18.0,,,,,,,,1.1362637362637362,0.09065934065934066
2025,IR-E-U-0577,National Institute of Technology Durgapur,49.0,SS,PreviousYear,per_year,0.7035,0.7045,14.07,14.09,,,,,,,,0.716247906197655,0.20569514237855946
2025,IR-E-U-0055,National Institute of Technology Silchar,50.0,SS,PreviousYear,per_year,0.721,0.7175,14.42,14.35,,,,,,,,0.4586704185719311,0.227224762574745
2025,IR-E-U-0202,Birla Institute of Technology,51.0,SS,PreviousYear,per_year,0.6725,0.6745,13.45,13.49,,,,,,,,0.5967948717948718,0.2782051282051282
2025,IR-E-U-0555,Graphic Era University,52.0,SS,PreviousYear,per_year,0.6375,0.635,12.75,12.7,,,,,,,,0.5220720720720721,0.12342342342342343
2025,IR-E-U-0072,National Institute of Technology Patna,53.0,SS,PreviousYear,per_year,0.615,0.6174999999999999,12.3,12.35,,,,,,,,0.4375993640699523,0.5333863275039745
2025,IR-E-U-0584,"Indian Institute of Engineering Science and Technology, Shibpur",54.0,SS,PreviousYear,per_year,0.6134999999999999,0.613,12.27,12.26,,,,,,,,0.4580498866213152,0.282312925170068
2025,IR-E-U-0374,"Dr. B R Ambedkar National Institute of Technology, Jalandhar",55.0,SS,PreviousYear,per_year,0.7,0.705,14.0,14.1,,,,,,,,0.4148241206030151,0.12010050251256281
2025,IR-E-U-0906,Indian Institute of Technology Jammu,56.0,SS,PreviousYear,per_year,0.3975,0.399,7.95,7.98,,,,,,,,0.38144329896907214,0.43917525773195876
2025,IR-E-U-0844,"Indian Institute of Technology, Tirupati",57.0,SS,PreviousYear,per_year,0.43550000000000005,0.41600000000000004,8.71,8.32,,,,,,,,0.6561181434599156,0.3691983122362869
2025,IR-E-U-0749,Manipal University Jaipur,58.0,SS,PreviousYear,per_year,0.742,0.7335,14.84,14.67,,,,,,,,0.2504930966469428,0.06492439184746877
2025,IR-E-C-7252,Manipal Institute of Technology,59.0,SS,PreviousYear,per_year,0.7945,0.756,15.89,15.12,,,,,,,,0.5752314814814815,0.10925925925925926
2025,IR-E-U-0739,Madan Mohan Malaviya University of Technology,60.0,SS,PreviousYear,per_year,0.675,0.661,13.5,13.22,,,,,,,,0.594,0.21066666666666667
2025,IR-E-U-0255,Indian Institute of Space Science and Technology,61.0,SS,PreviousYear,per_year,0.4325,0.44749999999999995,8.65,8.95,,,,,,,,0.6675496688741722,0.48344370860927155
2025,IR-E-U-0530,Motilal Nehru National Institute of Technology,62.0,SS,PreviousYear,per_year,0.7895,0.8005000000000001,15.79,16.01,,,,,,,,0.4993450353680901,0.1585014409221902
2025,IR-E-U-0105,Indraprastha Institute of Information Technology,63.0,SS,PreviousYear,per_year,0.6,0.585,12.0,11.7,,,,,,,,0.7114583333333333,0.35625
2025,IR-E-U-0878,Indian Institute of Technology Palakkad,64.0,SS,PreviousYear,per_year,0.36150000000000004,0.3585,7.23,7.17,,,,,,,,0.5068493150684932,0.3120243531202435
2025,IR-E-U-0622,National Institute of Technology Delhi,65.0,SS,PreviousYear,per_year,0.425,0.398,8.5,7.96,,,,,,,,0.6978021978021978,0.19505494505494506
2025,IR-E-U-0149,Sardar Vallabhbhai National Institute of Technology,66.0,SS,PreviousYear,per_year,0.6599999999999999,0.648,13.2,12.96,,,,,,,,0.46999104210212006,0.17527620185129889
2025,IR-E-C-37013,PSG College of Technology,67.0,SS,PreviousYear,per_year,0.7595,0.731,15.19,14.62,,,,,,,,0.5435294117647059,0.07401069518716577
2025,IR-E-U-0474,Sathyabama Institute of Science and Technology,67.0,SS,PreviousYear,per_year,0.8995,0.8265,17.99,16.53,,,,,,,,0.5590579710144927,0.1463768115942029
2025,IR-E-U-0221,International Institute of Information Technology Bangalore,69.0,SS,PreviousYear,per_year,0.4095,0.4215,8.19,8.43,,,,,,,,0.8983333333333333,0.15666666666666668
2025,IR-E-C-6379,Netaji Subhas University of Technology (NSUT),70.0,SS,PreviousYear,per_year,0.774,0.752,15.48,15.04,,,,,,,,0.3663450143897071,0.05011003893685458
2025,IR-E-U-0389,Banasthali Vidyapith,71.0,SS,PreviousYear,per_year,0.5445,0.534,10.89,10.68,,,,,,,,0.4591397849462366,0.12419354838709677
2025,IR-E-U-0946,Indian Institute of Technology Bhilai,72.0,SS,PreviousYear,per_year,0.311,0.318,6.22,6.36,,,,,,,,0.3639398998330551,0.14357262103505844
2025,IR-E-U-0197,National Institute of Technology Srinagar,73.0,SS,PreviousYear,per_year,0.6505,0.6395,13.01,12.79,,,,,,,,0.5790101371496721,0.2146690518783542
2025,IR-E-U-0042,University of Hyderabad,74.0,SS,PreviousYear,per_year,0.2305,0.24500000000000002,4.61,4.9,,,,,,,,1.0535714285714286,0.4897959183673469
2025,IR-E-C-1331,M. S. Ramaiah Institute of Technology,75.0,SS,PreviousYear,per_year,0.725,0.72,14.5,14.4,,,,,,,,0.48205128205128206,0.15256410256410258
2025,IR-E-U-0217,Christ University,76.0,SS,PreviousYear,per_year,0.5075000000000001,0.413,10.15,8.26,,,,,,,,0.24771062271062272,0.06043956043956044
2025,IR-E-U-0899,Indian Institute of Technology Dharwad,77.0,SS,PreviousYear,per_year,0.40199999999999997,,8.04,,,,,,,,,0.225,0.2
2025,IR-E-U-0535,Rajiv Gandhi Institute of Petroleum Technology,78.0,SS,PreviousYear,per_year,0.475,0.4,9.5,8.0,,,,,,,,0.5809768637532133,0.5912596401028277
2025,IR-E-U-0384,Sant Longowal Institute of Engineering & Technology,79.0,SS,PreviousYear,per_year,0.5,0.5,10.0,10.0,,,,,,,,0.4238733252131547,0.17174177831912302
2025,IR-E-U-0043,"Vignan's Foundation for Science, Technology and Research",80.0,SS,PreviousYear,per_year,0.865,0.7325,17.3,14.65,,,,,,,,0.4829201101928375,0.18044077134986225
2025,IR-E-U-0284,Maulana Azad National Institute of Technology,81.0,SS,PreviousYear,per_year,0.736,0.7505,14.72,15.01,,,,,,,,0.9911851126346719,0.465230166503428
2025,IR-E-U-0207,"National Institute of Technology, Jamshedpur",82.0,SS,PreviousYear,per_year,0.607,,12.14,,,,,,,,,0.681757656458056,0.18508655126498003
2025,IR-E-U-0619,National Institute of Technology Meghalaya,83.0,SS,PreviousYear,per_year,0.322,0.33199999999999996,6.44,6.64,,,,,,,,0.5566037735849056,0.8427672955974843
2025,IR-E-U-0223,"Jain university,Bangalore",84.0,SS,PreviousYear,per_year,0.7025,0.6615,14.05,13.23,,,,,,,,0.2894272016149382,0.061317183951551855
2025,IR-E-U-0172,National Institute of Technology Kurukshetra,85.0,SS,PreviousYear,per_year,0.7595,0.7315,15.19,14.63,,,,,,,,0.46275792652239556,0.10619023653749371
2025,IR-E-U-0092,"National Institute of Technology, Raipur",86.0,SS,PreviousYear,per_year,0.6910000000000001,0.697,13.82,13.94,,,,,,,,0.49002217294900224,0.2917960088691796
2025,IR-E-U-0489,Vel Tech Rangarajan Dr. Sagunthala R & D Institute of Science and Technology,87.0,SS,PreviousYear,per_year,0.775,0.7565000000000001,15.5,15.13,,,,,,,,0.40540540540540543,0.131981981981982
2025,IR-E-C-24004,AU College of Engineering (A),88.0,SS,PreviousYear,per_year,0.575,0.5745,11.5,11.49,,,,,,,,0.9811320754716981,0.13018867924528302
2025,IR-E-U-0373,Chitkara University,89.0,SS,PreviousYear,per_year,0.667,0.7735000000000001,13.34,15.47,,,,,,,,0.45791245791245794,0.06801346801346801
2025,IR-E-U-1257,COEP Technological University,90.0,SS,PreviousYear,per_year,0.7,,14.0,,,,,,,,,0.8982456140350877,0.25263157894736843
