rank,institute_id,name,city,state,score,tlr,rpc,go,oi,pr
1,IR-E-U-0456,Indian Institute of Technology Madras,Chennai,Tamil Nadu,88.72,95.7,90.74,82.29,63.25,100.0
2,IR-E-I-1074,Indian Institute of Technology Delhi,New Delhi,Delhi,85.74,85.89,93.47,81.67,62.01,93.97
3,IR-E-U-0306,Indian Institute of Technology Bombay,Mumbai,Maharashtra,83.65,87.97,84.81,87.06,59.13,85.04
4,IR-E-I-1075,Indian Institute of Technology Kanpur,Kanpur,Uttar Pradesh,81.82,91.77,76.34,88.08,59.18,78.49
5,IR-E-U-0573,Indian Institute of Technology Kharagpur,Kharagpur,West Bengal,78.69,85.26,77.56,79.82,64.24,74.57
6,IR-E-U-0560,Indian Institute of Technology Roorkee,Roorkee,Uttarakhand,75.44,76.06,76.57,85.82,63.92,60.98
7,IR-E-U-0013,Indian Institute of Technology Hyderabad,Hyderabad,Telangana,72.31,88.02,61.39,79.2,54.39,61.98
8,IR-E-U-0053,Indian Institute of Technology Guwahati,Guwahati,Assam,72.24,73.6,72.89,84.68,61.4,52.06
9,IR-E-U-0467,National Institute of Technology Tiruchirappalli,Tiruchirappalli,Tamil Nadu,68.14,73.26,57.64,78.69,64.76,66.54
10,IR-E-U-0701,Indian Institute of Technology (Banaras Hindu University) Varanasi,Varanasi,Uttar Pradesh,67.24,66.39,61.68,86.03,60.51,55.64
11,IR-E-U-0391,Birla Institute of Technology & Science -Pilani,Pilani,Rajasthan,67.02,82.07,56.41,81.04,60.41,32.29
12,IR-E-U-0273,Indian Institute of Technology Indore,Indore,Madhya Pradesh,66.65,81.25,59.55,76.52,63.77,27.15
13,IR-E-U-0357,National Institute of Technology Rourkela,Rourkela,Odisha,66.62,83.55,59.25,76.89,61.74,22.37
14,IR-E-U-0473,S.R.M. Institute of Science and Technology,Chennai,Tamil Nadu,65.83,78.69,68.93,65.43,67.09,17.45
15,IR-E-U-0205,Indian Institute of Technology (Indian School of Mines),Dhanbad,Jharkhand,65.37,72.84,62.49,77.02,61.36,32.29
16,IR-E-U-0490,Vellore Institute of Technology,Vellore,Tamil Nadu,65.25,66.77,67.6,72.22,61.01,43.97
17,IR-E-U-0237,"National Institute of Technology Karnataka, Surathkal",Surathkal,Karnataka,64.59,75.38,51.8,78.11,62.49,45.7
18,IR-E-U-0575,Jadavpur University,Kolkata,West Bengal,64.54,79.56,59.41,71.46,48.6,37.0
19,IR-E-U-0064,Indian Institute of Technology Patna,Patna,Bihar,64.52,79.24,55.04,78.4,63.95,21.73
20,IR-E-U-0439,Anna University,Chennai,Tamil Nadu,63.51,69.43,62.8,63.28,51.12,60.73
21,IR-E-U-0263,National Institute of Technology Calicut,Kozhikode,Kerala,63.05,83.65,40.0,79.12,66.66,34.71
22,IR-E-U-0363,Siksha `O` Anusandhan,Bhubaneswar,Odisha,62.58,85.34,43.83,70.48,73.26,24.03
23,IR-E-U-0436,Amrita Vishwa Vidyapeetham,Coimbatore,Tamil Nadu,62.46,80.74,51.78,67.71,64.19,27.53
24,IR-E-U-0108,Jamia Millia Islamia,New Delhi,Delhi,62.42,67.5,59.18,78.28,67.19,20.43
25,IR-E-U-0139,Indian Institute of Technology Gandhinagar,Gandhinagar,Gujarat,62.31,85.82,41.07,74.62,63.82,29.36
26,IR-E-U-0184,Indian Institute of Technology Mandi,Mandi,Himachal Pradesh,62.08,81.9,42.61,78.29,68.77,21.95
27,IR-E-U-0395,Indian Institute of Technology Jodhpur,Jodhpur,Rajasthan,61.31,86.92,44.03,70.43,66.41,12.93
28,IR-E-U-0025,National Institute of Technology Warangal,Warangal,Telangana,61.05,74.94,49.23,73.64,57.32,33.44
29,IR-E-I-1480,Thapar Institute of Engineering and Technology (Deemed-to-be-university),Patiala,Punjab,60.97,75.12,50.86,73.27,65.68,19.53
30,IR-E-U-0098,Delhi Technological University,New Delhi,Delhi,60.85,73.01,46.71,79.17,54.82,36.25
31,IR-E-U-0747,Chandigarh University,Mohali,Punjab,60.46,73.26,57.93,59.17,74.33,18.39
32,IR-E-U-0378,Indian Institute of Technology Ropar,Rupnagar,Punjab,59.66,72.46,47.74,75.18,60.41,25.23
33,IR-E-U-0458,Kalasalingam Academy of Research and Education,Krishnan Koil,Tamil Nadu,59.03,78.03,42.46,72.16,77.18,7.27
34,IR-E-U-0496,Aligarh Muslim University,Aligarh,Uttar Pradesh,59.01,76.86,55.65,64.17,41.19,23.0
35,IR-E-U-0020,Koneru Lakshmaiah Education Foundation University (K L College of Engineering),Vaddeswaram,Andhra Pradesh,58.95,77.55,48.67,69.94,66.84,4.12
36,IR-E-U-0356,Kalinga Institute of Industrial Technology,Bhubaneswar,Odisha,58.79,78.64,47.76,60.32,77.29,10.76
37,IR-E-U-0497,Amity University,Gautam Budh Nagar,Uttar Pradesh,58.53,66.68,65.39,62.04,59.02,6.04
38,IR-E-U-0014,International Institute of Information Technology Hyderabad,Hyderabad,Telangana,58.45,75.84,43.22,70.72,63.32,22.58
39,IR-E-U-0355,Indian Institute of Technology Bhubaneswar,Bhubaneswar,Odisha,58.22,74.57,39.14,75.07,62.69,28.27
40,IR-E-U-0476,Shanmugha Arts Science Technology & Research Academy,Thanjavur,Tamil Nadu,58.02,80.47,35.94,73.7,72.8,10.76
41,IR-E-U-0308,Institute of Chemical Technology,Mumbai,Maharashtra,57.96,76.35,50.35,64.94,53.35,16.24
42,IR-E-U-0410,Malaviya National Institute of Technology,Jaipur,Rajasthan,57.45,69.29,51.84,70.23,60.14,10.48
43,IR-E-U-0564,UPES,Dehradun,Uttarakhand,56.99,71.34,55.5,54.26,62.65,18.16
44,IR-E-U-0334,"Visvesvaraya National Institute of Technology, Nagpur",Nagpur,Maharashtra,56.58,71.55,44.33,71.94,56.04,18.16
45,IR-E-I-1441,Saveetha Institute of Medical and Technical Sciences,Chennai,Tamil Nadu,56.55,75.77,61.58,40.58,71.22,1.07
46,IR-E-U-0329,Symbiosis International,Pune,Maharashtra,56.22,69.68,51.85,65.38,54.68,12.13
47,IR-E-C-16604,Sri Sivasubramaniya Nadar College of Engineering,Kalavakkam,Tamil Nadu,56.08,71.29,43.96,70.01,57.78,17.21
48,IR-E-U-0379,Lovely Professional University,Phagwara,Punjab,55.99,63.04,52.88,62.53,66.88,20.21
49,IR-E-U-0577,National Institute of Technology Durgapur,Durgapur,West Bengal,55.94,71.25,38.14,77.92,58.39,16.97
50,IR-E-U-0055,National Institute of Technology Silchar,Silchar,Assam,55.91,66.6,51.48,70.15,54.71,9.92
51,IR-E-U-0202,Birla Institute of Technology,Ranchi,Jharkhand,55.28,76.22,40.21,66.03,52.07,19.31
52,IR-E-U-0555,Graphic Era University,Dehradun,Uttarakhand,55.26,68.63,55.33,47.5,58.38,27.34
53,IR-E-U-0072,National Institute of Technology Patna,Patna,Bihar,53.89,58.95,51.69,73.81,53.01,6.35
54,IR-E-U-0584,"Indian Institute of Engineering Science and Technology, Shibpur",Howrah,West Bengal,53.63,66.32,37.75,70.93,52.44,29.71
55,IR-E-U-0374,"Dr. B R Ambedkar National Institute of Technology, Jalandhar",Jalandhar,Punjab,53.38,71.26,40.49,61.88,62.76,11.86
56,IR-E-U-0906,Indian Institute of Technology Jammu,Jammu,Jammu and Kashmir,53.08,80.73,31.9,60.05,57.78,15.0
57,IR-E-U-0844,"Indian Institute of Technology, Tirupati",Tirupati,Andhra Pradesh,52.73,81.96,22.84,66.17,54.0,26.59
58,IR-E-U-0749,Manipal University Jaipur,Jaipur,Rajasthan,52.69,71.67,40.11,58.63,69.16,5.09
59,IR-E-C-7252,Manipal Institute of Technology,Manipal,Karnataka,52.55,68.27,41.71,60.77,58.59,15.5
60,IR-E-U-0739,Madan Mohan Malaviya University of Technology,Gorakhpur,Uttar Pradesh,52.45,76.52,24.75,68.59,71.41,12.13
61,IR-E-U-0255,Indian Institute of Space Science and Technology,Thiruvananthapuram,Kerala,52.44,75.88,25.19,66.94,60.04,27.34
62,IR-E-U-0530,Motilal Nehru National Institute of Technology,Prayagraj,Uttar Pradesh,52.15,63.15,37.51,74.36,55.38,15.5
63,IR-E-U-0105,Indraprastha Institute of Information Technology,New Delhi,Delhi,51.33,66.46,30.17,73.74,52.74,23.21
64,IR-E-U-0878,Indian Institute of Technology Palakkad,Palakkad,Kerala,51.2,74.28,26.02,62.17,65.91,20.87
65,IR-E-U-0622,National Institute of Technology Delhi,Delhi,Delhi,50.79,62.76,29.35,71.26,69.51,19.53
66,IR-E-U-0149,Sardar Vallabhbhai National Institute of Technology,SURAT,Gujarat,50.77,62.42,42.99,62.65,54.21,11.86
67,IR-E-U-0474,Sathyabama Institute of Science and Technology,Chennai,Tamil Nadu,50.64,70.44,36.38,51.69,71.85,10.76
67,IR-E-C-37013,PSG College of Technology,Coimbatore,Tamil Nadu,50.64,70.17,26.31,60.36,47.52,48.83
69,IR-E-U-0221,International Institute of Information Technology Bangalore,Bengaluru,Karnataka,50.46,68.33,24.19,71.27,59.94,24.63
70,IR-E-C-6379,Netaji Subhas University of Technology (NSUT),Delhi,Delhi,50.43,68.09,27.14,73.77,51.97,19.08
71,IR-E-U-0389,Banasthali Vidyapith,Banasthali,Rajasthan,50.38,70.41,24.74,71.47,71.39,4.12
72,IR-E-U-0946,Indian Institute of Technology Bhilai,Durg,Chhattisgarh,50.37,76.99,24.97,65.13,59.02,8.47
73,IR-E-U-0197,National Institute of Technology Srinagar,Srinagar,Jammu and Kashmir,50.23,62.39,35.08,69.97,64.33,5.73
74,IR-E-U-0042,University of Hyderabad,Hyderabad,Telangana,49.36,66.49,50.21,43.44,48.99,7.57
75,IR-E-C-1331,M. S. Ramaiah Institute of Technology,Bengaluru,Karnataka,49.26,70.38,28.02,62.77,56.51,15.5
76,IR-E-U-0217,Christ University,Bengaluru,Karnataka,49.03,65.63,47.28,34.52,63.03,19.53
77,IR-E-U-0899,Indian Institute of Technology Dharwad,Dharwad,Karnataka,48.61,74.99,17.71,63.79,57.85,22.58
78,IR-E-U-0535,Rajiv Gandhi Institute of Petroleum Technology,Amethi,Uttar Pradesh,48.52,77.78,20.12,67.42,55.98,0.72
79,IR-E-U-0384,Sant Longowal Institute of Engineering & Technology,Longowal,Punjab,48.42,78.11,26.83,51.16,66.44,0.72
80,IR-E-U-0043,"Vignan's Foundation for Science, Technology and Research",Guntur,Andhra Pradesh,48.27,71.7,21.52,58.2,69.39,17.21
81,IR-E-U-0284,Maulana Azad National Institute of Technology,Bhopal,Madhya Pradesh,48.26,54.74,36.36,73.26,52.93,9.92
82,IR-E-U-0207,"National Institute of Technology, Jamshedpur",Jamshedpur,Jharkhand,48.25,59.72,28.9,75.79,58.58,6.35
83,IR-E-U-0619,National Institute of Technology Meghalaya,Shillong,Meghalaya,48.21,66.48,30.77,62.31,58.46,7.27
84,IR-E-U-0223,"Jain university,Bangalore",Bengaluru,Karnataka,48.01,68.49,40.87,42.99,62.18,3.79
85,IR-E-U-0172,National Institute of Technology Kurukshetra,Kurukshetra,Haryana,47.98,53.75,37.48,66.64,55.43,17.45
86,IR-E-U-0092,"National Institute of Technology, Raipur",Raipur,Chhattisgarh,47.59,54.86,39.87,66.26,54.45,4.77
87,IR-E-U-0489,Vel Tech Rangarajan Dr. Sagunthala R & D Institute of Science and Technology,Chennai,Tamil Nadu,47.43,66.71,35.76,46.01,67.33,7.57
88,IR-E-C-24004,AU College of Engineering (A),Visakhapatnam,Andhra Pradesh,47.37,76.16,13.15,61.81,78.27,3.79
89,IR-E-U-0373,Chitkara University,Rajpura,Punjab,47.34,50.97,49.46,51.93,62.79,5.41
90,IR-E-U-1257,COEP Technological University,Pune,Maharashtra,47.31,61.16,24.82,67.69,50.9,28.82
