institute_id,ss,fsr,fqe,fru,pu,qp,ipr,fppp,gph,gue,gms,gphd,rd,wd,escs,pcs,pr
IR-E-C-1331,14.5,28.93,15.52,11.43,11.41,11.02,5,0.59,33.25,15,12.56,1.96,9.21,24.91,2.39,20,15.5
IR-E-C-16604,12.5,28.43,15.86,14.5,20.36,19.69,2.5,1.41,35.64,15,13.39,5.98,4.03,25.71,8.04,20,17.21
IR-E-C-24004,11.5,30,14.82,19.84,4.04,5.88,1.5,1.73,26.24,15,11.49,9.08,16.82,30,11.46,20,3.79
IR-E-C-37013,15.19,30,15.55,9.43,9.94,11.16,4.5,0.7,30.64,14.84,12.17,2.71,0.79,24.66,2.07,20,48.83
IR-E-C-6379,15.48,26.44,14.08,12.09,11.41,14.82,0.5,0.41,32.78,15,19.26,6.73,8.98,19.65,3.34,20,19.08
IR-E-C-7252,15.89,26.6,15.02,10.76,17.03,20.39,4,0.28,27.19,14.71,13.75,5.13,16.49,21.39,0.7,20,15.5
IR-E-I-1074,16.45,25.04,16.68,27.72,35,36.46,13,9.01,30.94,11.93,20.91,17.89,20.04,14.71,7.25,20,93.97
IR-E-I-1075,18.18,28.02,19.03,26.55,27.87,27.62,12,8.85,36.16,15,21.62,15.3,18.47,13.5,7.21,20,78.49
IR-E-I-1441,16.02,30,19.99,9.76,26.76,29.03,5,0.79,14.87,13.58,9.04,3.09,18.89,28.22,4.12,20,1.07
IR-E-I-1480,18,25.88,15.92,15.31,20.13,25.72,4,1.01,33.34,15,15.55,9.39,17.84,25.88,1.96,20,19.53
IR-E-U-0013,12.49,30,19.83,25.71,25.32,23.39,5,7.68,34.25,15,21.27,8.69,17.5,12.3,4.59,20,61.98
IR-E-U-0014,9.08,28.8,18.76,19.2,19.02,16.19,1.5,6.52,30.54,12.38,25,2.81,19.58,21.08,2.66,20,22.58
IR-E-U-0020,18.65,30,18.24,10.66,20.38,21.54,6,0.74,30.8,15,13.06,11.07,15.53,29.91,1.4,20,4.12
IR-E-U-0025,16.16,24.84,16.26,17.68,22.5,22.18,2.5,2.05,31.13,15,18.45,9.06,13.87,15.93,7.52,20,33.44
IR-E-U-0042,4.61,30,17.5,14.38,25.02,20.39,0.5,4.29,16.43,6.99,14.51,5.51,8.79,20.2,0,20,7.57
IR-E-U-0043,17.3,30,17.18,7.21,7.58,10.55,2.5,0.89,28.11,15,9.68,5.41,13.23,28.89,7.28,20,17.21
IR-E-U-0053,17.86,23.91,13.51,18.32,28.62,28.22,9,7.05,33.43,14.25,21.5,15.5,23.69,11.63,6.08,20,52.06
IR-E-U-0055,14.42,22.03,15.09,15.06,24.39,22.73,2.25,2.11,30.81,15,16.53,7.82,12.76,15.85,6.11,20,9.92
IR-E-U-0064,12.48,28.35,18.22,20.2,22.28,21.26,4.25,7.25,33.29,13.98,21.2,9.93,19.24,15.14,9.57,20,21.73
IR-E-U-0072,12.3,19.7,13.45,13.5,22.01,22.39,5,2.28,36.78,15,14.19,7.84,9.32,11.79,11.9,20,6.35
IR-E-U-0092,13.82,17.54,12.03,11.47,17.91,18.64,2.25,1.07,29.73,15,14.23,7.31,11.48,14.46,8.51,20,4.77
IR-E-U-0098,19,30,12.01,12,21.17,22.16,2.25,1.14,37.76,15,17.49,8.92,13.79,19.26,1.77,20,36.25
IR-E-U-0105,12,24.63,13.67,16.16,12.91,12.72,0,4.54,34.83,15,19.95,3.96,12.66,19.09,0.99,20,23.21
IR-E-U-0108,10.5,26.57,13.75,16.67,27.3,25.71,1.25,4.93,39.74,15,15.64,7.9,23.1,15.07,9.02,20,20.43
IR-E-U-0139,11.5,29.57,19.18,25.57,16.54,15.17,0.75,8.61,34.77,15,18.27,6.58,21.78,17.93,4.1,20,29.36
IR-E-U-0149,13.2,20.86,13.09,15.27,18.57,17.71,4.25,2.45,27.44,14.79,14.28,6.14,11.53,18.83,3.86,20,11.86
IR-E-U-0172,15.19,15.35,9.72,13.49,15.06,18.16,2.5,1.76,31.85,15,15.34,4.45,12.96,13.74,8.73,20,17.45
IR-E-U-0184,12.45,28.57,19.36,21.51,18.38,17.99,2.5,3.74,35.94,14.22,21.2,6.94,23.66,19.44,5.67,20,21.95
IR-E-U-0197,13.01,19.86,13.23,16.29,14.9,15.82,2.25,2.11,32.38,15,15.14,7.44,13.7,16.83,13.8,20,5.73
IR-E-U-0202,13.45,30,17.05,15.72,18.52,18.59,1,2.1,30.39,15,15.06,5.58,11.39,18.97,1.71,20,19.31
IR-E-U-0205,15.87,23.22,15.55,18.2,26.02,27.95,5,3.52,31.52,13.09,17.84,14.57,20.91,12.54,7.91,20,32.29
IR-E-U-0207,12.14,19.54,13.36,14.68,12.51,13.28,1.25,1.86,39.31,15,15.5,5.98,13.49,14.58,10.51,20,6.35
IR-E-U-0217,10.15,28.17,16.35,10.97,22.33,19.81,5,0.14,12.57,11.39,10.11,0.45,18.39,22.42,2.22,20,19.53
IR-E-U-0221,8.19,21.47,12.78,25.89,9.33,6.48,0.25,8.13,31.22,15,23.58,1.47,21.08,18.86,0,20,24.63
IR-E-U-0223,14.05,28.83,16.05,9.56,16.64,17.96,5,1.27,16.16,11.39,11.95,3.49,15.6,24.32,2.27,20,3.79
IR-E-U-0237,17.5,20.2,13.44,24.24,21.87,20.78,5,4.14,34.53,15,17.8,10.78,16.23,16.71,9.55,20,45.7
IR-E-U-0255,8.65,29.18,15.78,22.27,11.84,10.12,1,2.23,33.85,13.18,15.9,4.01,17.61,18.57,5.86,18,27.34
IR-E-U-0263,16,29.16,19.59,18.89,17.25,16.06,5,1.69,38.15,15,16.3,9.66,14,22.32,10.34,20,34.71
IR-E-U-0273,12.55,30,18.52,20.19,24.77,24.36,4.5,5.93,31.65,14.79,20.85,9.23,20.94,15.99,6.85,20,27.15
IR-E-U-0284,14.72,15.66,11.03,13.33,15.18,16.81,2.5,1.87,36.08,15,16.5,5.68,11.6,15.35,5.97,20,9.92
IR-E-U-0306,18.5,26.28,16.97,26.22,30.64,30.23,14,9.93,32.5,13.88,20.67,20,18.72,15.04,5.37,20,85.04
IR-E-U-0308,11.5,28.08,18.48,18.3,17.85,19.08,7,6.42,29.43,15,13.64,6.88,5.96,24.32,3.06,20,16.24
IR-E-U-0329,10.8,28.57,16.81,13.5,24.95,22.27,4,0.62,32.25,15,12.62,5.51,11.3,22.87,0.51,20,12.13
IR-E-U-0334,13.31,24.99,16.52,16.73,17.27,16.9,6.5,3.66,33.54,15,15.55,7.84,11.64,19.02,5.38,20,18.16
IR-E-U-0355,11.05,26.69,18.34,18.49,16.02,16.65,2.25,4.21,34.65,15,18.42,6.99,21.64,15.7,5.34,20,28.27
IR-E-U-0356,20,26.24,16.79,15.61,16.92,19.09,9,2.75,21.49,15,11.77,12.05,25.22,30,2.06,20,10.76
IR-E-U-0357,17.5,29.09,19.21,17.74,25.69,25.32,4.5,3.74,32.95,15,16.93,12.01,14.91,17.69,9.13,20,22.37
IR-E-U-0363,19,29.56,19.73,17.06,16.72,18.55,7,1.57,34.31,15,10.56,10.61,21.86,30,1.4,20,24.03
IR-E-U-0373,13.34,16.96,10.01,10.67,17.94,20.4,11,0.13,21.32,15,12.11,3.49,16.52,25.32,0.95,20,5.41
IR-E-U-0374,14,29.97,14.39,12.9,18.15,19.37,2,0.97,28.44,13.28,13.89,6.27,13.96,20.98,7.82,20,11.86
IR-E-U-0378,11.7,24.53,15.5,20.73,20.79,19.85,1,6.1,31.74,15,20.05,8.4,20.36,12.44,7.61,20,25.23
IR-E-U-0379,18,24.34,13.63,7.08,16.78,22.89,13,0.21,30.09,15,12.54,4.91,24.51,19.94,2.43,20,20.21
IR-E-U-0384,10,30,15.82,22.29,11.78,13.9,1,0.15,24.88,15,8.66,2.62,23.23,20.65,2.56,20,0.72
IR-E-U-0389,10.89,30,18.18,11.34,8.29,11.08,4,1.37,35.21,14.97,13.95,7.33,17.61,30,3.79,20,4.12
IR-E-U-0391,19,27.49,17.19,18.4,23.74,26.04,5,1.63,38.24,15,20.22,7.58,21.04,19.24,0.13,20,32.29
IR-E-U-0395,12.5,30,18.99,25.44,17.94,18.43,1.25,6.41,34.34,14.92,18.04,3.14,19.56,20.63,6.21,20,12.93
IR-E-U-0410,15.39,23.74,15.26,14.9,23.16,22.58,2.25,3.85,31.5,14.98,15.45,8.3,12.92,19.95,7.27,20,10.48
IR-E-U-0436,18,29.38,17.63,15.73,22.13,21.97,4.5,3.18,36,15,11.81,4.91,18.13,22.69,3.37,20,27.53
IR-E-U-0439,17.86,24.65,14.13,12.8,22.92,25.67,11,3.21,25.5,12.51,12.61,12.66,0.57,25.09,5.46,20,60.73
IR-E-U-0456,18.5,30,17.2,30,34.22,32.52,14,10,31.07,15,19.54,16.68,20.74,14.85,7.66,20,100
IR-E-U-0458,16.49,30,18.76,12.78,16.03,17.58,8,0.85,36.69,15,11.39,9.08,19.5,30,7.68,20,7.27
IR-E-U-0467,17.5,21.87,14.15,19.73,24.63,24.18,6.5,2.34,35.15,15,17.86,10.69,16.27,20.28,8.21,20,66.54
IR-E-U-0473,17.82,30,17.39,13.48,26.13,31.31,11,0.5,29.53,13.46,10.78,11.65,21.05,24.94,1.1,20,17.45
IR-E-U-0474,17.99,28.43,14.44,9.58,13.07,15.24,7,1.07,22.27,14.56,10.07,4.79,22.27,27.51,2.07,20,10.76
IR-E-U-0476,17.5,30,18.91,14.07,11.85,17.72,3,3.37,35.14,15,12.91,10.65,18.86,28.86,5.08,20,10.76
IR-E-U-0489,15.5,28.22,16.39,6.6,13.64,15.6,6,0.52,22.03,13.99,8.58,1.41,21.87,21.13,4.34,20,7.57
IR-E-U-0490,20,22.26,14.31,10.2,24.62,33.56,9,0.42,29.58,15,13.93,13.72,18.25,22.64,0.12,20,43.97
IR-E-U-0496,11,30,18.26,17.6,26.31,24.88,2,2.46,34.23,13.16,11.06,5.72,5.45,12.14,3.59,20,23
IR-E-U-0497,13.6,24.67,15.49,12.92,28.14,25.37,11,0.87,29.52,15,10.78,6.73,14.84,23.95,0.23,20,6.04
IR-E-U-0530,15.79,18.67,12.9,15.78,16.19,16.81,2.5,2.01,35.03,15,17.63,6.7,12.54,12.88,9.96,20,15.5
IR-E-U-0535,9.5,30,18.02,20.26,6.18,10.74,0,3.2,35.82,15,13.79,2.81,16.07,18.02,1.9,20,0.72
IR-E-U-0555,12.75,28.39,15.53,11.97,21.55,21.64,11,1.14,20.07,14.26,10.95,2.22,13.41,24.01,0.96,20,27.34
IR-E-U-0560,17.75,22.13,14.71,21.46,30.12,32.09,8,6.36,38.07,15,19.98,12.78,23.7,12.84,7.37,20,60.98
IR-E-U-0564,15.5,24.22,14.62,16.99,22.23,25.73,7,0.54,27.61,15,11.25,0.39,20.53,22,0.12,20,18.16
IR-E-U-0573,18.23,26.62,17.52,22.88,31.17,33.21,7,6.18,25.27,13.42,21.34,19.79,21.72,14.72,7.8,20,74.57
IR-E-U-0575,18.25,29.14,18.19,13.97,25.78,25.45,4.5,3.68,30.76,13.61,15.19,11.91,4.27,18.64,5.69,20,37
IR-E-U-0577,14.07,24.73,16.78,15.67,17.64,16.51,1.25,2.74,38.31,15,15.83,8.78,14.32,14.84,9.22,20,16.97
IR-E-U-0584,12.27,23.03,14.85,16.17,17.14,16.5,2.25,1.86,34.72,13.48,13.42,9.3,10.28,15.66,6.5,20,29.71
IR-E-U-0619,6.44,26.72,15.61,17.72,14.07,12.75,0.25,3.69,31.89,12.15,15.04,3.23,10.24,17,11.22,20,7.27
IR-E-U-0622,8.5,18.95,12.99,22.32,13.63,13.11,0.5,2.11,34.43,15,18.65,3.18,17.71,20.72,11.08,20,19.53
IR-E-U-0701,17.62,18.42,12.79,17.56,23.62,26.32,8,3.74,36.72,14.74,20.81,13.76,18.81,11.26,10.44,20,55.64
IR-E-U-0739,13.5,30,19.38,13.64,9.46,11.37,0.75,3.17,31.34,15,14.35,7.9,11.87,29.26,10.28,20,12.13
IR-E-U-0747,17.88,28.58,16.03,10.77,21.31,24.8,11,0.82,22.6,15,13.17,8.4,22.4,29.95,1.98,20,18.39
IR-E-U-0749,14.84,29.28,17.07,10.49,15.23,17.11,7,0.77,30.5,15,12.13,1.01,22.47,26.55,0.15,20,5.09
IR-E-U-0844,8.71,30,17.64,25.61,8.42,9.8,0,4.63,33.17,15,17.23,0.77,14.49,12.26,7.25,20,26.59
IR-E-U-0878,7.23,30,16.9,20.16,10.28,10.29,0.75,4.69,28.8,14.84,17.01,1.52,19.26,21.13,5.53,20,20.87
IR-E-U-0899,8.04,30,17.08,19.88,6.58,7.02,0,4.1,29.84,15,17.55,1.41,19.04,13.88,4.93,20,22.58
IR-E-U-0906,7.95,30,18.14,24.63,12.38,13.16,0,6.36,25.56,14.25,18.17,2.06,19.59,12.46,5.73,20,15
IR-E-U-0946,6.22,28.75,17.57,24.45,7.37,8.41,0.5,8.69,31.87,14.81,17.63,0.83,21.42,10.75,6.85,20,8.47
IR-E-U-1257,14,18.25,11.03,17.88,10.05,8.53,2,4.25,35.13,15,15.04,2.52,1.91,23.47,5.51,20,28.82
