year,institute_id,name,rank,actual_position,predicted_position,position_shift,n_parameters,actual,predicted,error,max_marks
2025,IR-E-U-0456,Indian Institute of Technology Madras,1.0,1,1,0,6,102.38,101.47714285714287,-0.9028571428571297,125
2025,IR-E-I-1074,Indian Institute of Technology Delhi,2.0,2,2,0,6,99.22999999999999,98.36680870359064,-0.8631912964093544,125
2025,IR-E-I-1075,Indian Institute of Technology Kanpur,4.0,3,3,0,6,97.71,96.9026647739187,-0.8073352260812925,125
2025,IR-E-U-0573,Indian Institute of Technology Kharagpur,5.0,4,4,0,6,96.22,95.25287062663176,-0.9671293733682376,125
2025,IR-E-U-0053,Indian Institute of Technology Guwahati,8.0,5,5,0,6,86.31,86.95414691469637,0.6441469146963641,125
2025,IR-E-U-0560,Indian Institute of Technology Roorkee,6.0,6,6,0,6,85.69999999999999,86.37604476410388,0.6760447641038922,125
2025,IR-E-U-0237,"National Institute of Technology Karnataka, Surathkal",17.0,7,7,0,6,84.00999999999999,79.25867810050786,-4.751321899492126,125
2025,IR-E-U-0064,Indian Institute of Technology Patna,19.0,8,10,2,6,80.63000000000001,76.40469018774692,-4.225309812253087,125
2025,IR-E-U-0013,Indian Institute of Technology Hyderabad,7.0,9,9,0,6,80.43,76.58080889898508,-3.849191101014924,125
2025,IR-E-U-0205,Indian Institute of Technology (Indian School of Mines),15.0,10,8,-2,6,77.91,77.46685498155797,-0.44314501844202425,125
2025,IR-E-U-0467,National Institute of Technology Tiruchirappalli,9.0,11,11,0,6,76.33,75.5477880849968,-0.7822119150032023,125
2025,IR-E-U-0273,Indian Institute of Technology Indore,12.0,12,14,2,6,75.6,72.64905437926535,-2.950945620734643,125
2025,IR-E-U-0139,Indian Institute of Technology Gandhinagar,25.0,13,15,2,6,74.63,71.9475434547816,-2.6824565452184004,125
2025,IR-E-U-0378,Indian Institute of Technology Ropar,32.0,14,13,-1,6,74.59,73.00070620456032,-1.589293795439687,125
2025,IR-E-U-0306,Indian Institute of Technology Bombay,3.0,15,18,3,5,74.47,70.74833333333333,-3.721666666666664,125
2025,IR-E-U-0263,National Institute of Technology Calicut,21.0,16,12,-4,6,72.88,73.10142626327337,0.22142626327337211,125
2025,IR-E-U-0395,Indian Institute of Technology Jodhpur,27.0,17,20,3,6,71.74,70.35891762631046,-1.3810823736895372,125
2025,IR-E-U-0184,Indian Institute of Technology Mandi,26.0,18,17,-1,6,71.51,70.83884945090608,-0.6711505490939231,125
2025,IR-E-U-0025,National Institute of Technology Warangal,28.0,19,19,0,6,70.91999999999999,70.46677134817477,-0.45322865182521355,125
2025,IR-E-U-0575,Jadavpur University,18.0,20,16,-4,6,68.69,71.92952201181448,3.2395220118144863,125
2025,IR-E-U-0530,Motilal Nehru National Institute of Technology,62.0,21,21,0,6,67.86999999999999,69.50081229729017,1.630812297290177,125
2025,IR-E-U-0197,National Institute of Technology Srinagar,73.0,22,32,10,6,67.78999999999999,63.69431832234807,-4.095681677651925,125
2025,IR-E-U-0221,International Institute of Information Technology Bangalore,69.0,23,22,-1,5,67.25999999999999,66.18775828143588,-1.0722417185641149,125
2025,IR-E-U-0391,Birla Institute of Technology & Science -Pilani,11.0,24,26,2,6,66.96000000000001,65.11392370131378,-1.8460762986862278,125
2025,IR-E-U-0701,Indian Institute of Technology (Banaras Hindu University) Varanasi,10.0,25,37,12,5,66.37,61.54272727272727,-4.827272727272735,125
2025,IR-E-U-0577,National Institute of Technology Durgapur,49.0,26,23,-3,6,66.31,65.78771852009774,-0.5222814799022615,125
2025,IR-E-U-0622,National Institute of Technology Delhi,65.0,27,45,18,6,65.84,59.25954394328055,-6.580456056719456,125
2025,IR-E-U-0014,International Institute of Information Technology Hyderabad,38.0,28,30,2,6,65.27,64.11694247959008,-1.1530575204099165,125
2025,IR-E-U-0410,Malaviya National Institute of Technology,42.0,29,33,4,6,65.16,63.26188783714788,-1.8981121628521151,125
2025,IR-E-C-24004,AU College of Engineering (A),88.0,30,29,-1,6,65.1,64.27218433431288,-0.8278156656871118,125
2025,IR-E-U-0906,Indian Institute of Technology Jammu,56.0,31,41,10,6,64.9,61.1070469132499,-3.792953086750103,125
2025,IR-E-U-0946,Indian Institute of Technology Bhilai,72.0,32,36,4,6,64.67,62.407587814344716,-2.262412185655286,125
2025,IR-E-U-0108,Jamia Millia Islamia,24.0,33,28,-5,6,64.66,64.31887879930763,-0.3411212006923705,125
2025,IR-E-U-0439,Anna University,20.0,34,31,-3,6,64.6,63.86190998462517,-0.7380900153748229,125
2025,IR-E-U-0355,Indian Institute of Technology Bhubaneswar,39.0,35,24,-11,6,64.5,65.44284381007665,0.9428438100766527,125
2025,IR-E-U-0356,Kalinga Institute of Industrial Technology,36.0,36,35,-1,6,64.24000000000001,62.71140739960349,-1.5285926003965216,125
2025,IR-E-U-0844,"Indian Institute of Technology, Tirupati",57.0,37,42,5,6,64.2,60.71715252193499,-3.482847478065011,125
2025,IR-E-U-0476,Shanmugha Arts Science Technology & Research Academy,40.0,38,44,6,6,63.58,59.76823107430476,-3.8117689256952403,125
2025,IR-E-U-0739,Madan Mohan Malaviya University of Technology,60.0,39,61,22,6,62.84,54.449182984785224,-8.390817015214779,125
2025,IR-E-U-0334,"Visvesvaraya National Institute of Technology, Nagpur",44.0,40,25,-15,6,62.47,65.23975048123089,2.7697504812308864,125
2025,IR-E-U-0055,National Institute of Technology Silchar,50.0,41,34,-7,6,62.050000000000004,62.72058651264048,0.670586512640476,125
2025,IR-E-U-0072,National Institute of Technology Patna,53.0,42,38,-4,6,62.010000000000005,61.5289215567072,-0.4810784432928017,125
2025,IR-E-I-1480,Thapar Institute of Engineering and Technology (Deemed-to-be-university),29.0,43,39,-4,6,61.220000000000006,61.38921968504813,0.16921968504812668,125
2025,IR-E-U-0098,Delhi Technological University,30.0,44,46,2,6,60.32,58.67481796428165,-1.6451820357183493,125
2025,IR-E-U-0363,Siksha `O` Anusandhan,22.0,45,53,8,6,60.2,56.69908321648423,-3.5009167835157697,125
2025,IR-E-U-0308,Institute of Chemical Technology,41.0,46,43,-3,6,59.8,60.676083751735504,0.8760837517355071,125
2025,IR-E-U-0584,"Indian Institute of Engineering Science and Technology, Shibpur",54.0,47,27,-20,6,59.519999999999996,64.40671051056823,4.886710510568236,125
2025,IR-E-U-0357,National Institute of Technology Rourkela,13.0,48,62,14,5,59.31,53.885714285714286,-5.424285714285716,125
2025,IR-E-U-0172,National Institute of Technology Kurukshetra,85.0,49,47,-2,6,58.96,58.54518936089703,-0.4148106391029742,125
2025,IR-E-U-0490,Vellore Institute of Technology,16.0,50,56,6,6,58.39,56.33045665557592,-2.0595433444240783,125
2025,IR-E-U-0458,Kalasalingam Academy of Research and Education,33.0,51,49,-2,6,58.269999999999996,57.40204137597257,-0.8679586240274233,125
2025,IR-E-U-0284,Maulana Azad National Institute of Technology,81.0,52,40,-12,6,58.07,61.338246702611514,3.2682467026115134,125
2025,IR-E-U-0105,Indraprastha Institute of Information Technology,63.0,53,54,1,6,57.599999999999994,56.63997159899698,-0.9600284010030151,125
2025,IR-E-U-0619,National Institute of Technology Meghalaya,83.0,54,51,-3,6,57.339999999999996,56.958070339275594,-0.3819296607244027,125
2025,IR-E-C-6379,Netaji Subhas University of Technology (NSUT),70.0,55,48,-7,6,57.31,58.069465249716416,0.7594652497164134,125
2025,IR-E-U-0436,Amrita Vishwa Vidyapeetham,23.0,56,67,11,6,57.0,50.58490529251021,-6.415094707489793,125
2025,IR-E-U-0092,"National Institute of Technology, Raipur",86.0,57,50,-7,6,56.41,57.387492262480805,0.9774922624808084,125
2025,IR-E-U-0878,Indian Institute of Technology Palakkad,64.0,58,55,-3,6,56.14,56.43985642612365,0.2998564261236467,125
2025,IR-E-U-0374,"Dr. B R Ambedkar National Institute of Technology, Jalandhar",55.0,59,58,-1,6,55.85,56.08366575561643,0.23366575561642833,125
2025,IR-E-C-16604,Sri Sivasubramaniya Nadar College of Engineering,47.0,60,57,-3,6,55.82,56.30461746907994,0.48461746907994296,125
2025,IR-E-U-0020,Koneru Lakshmaiah Education Foundation University (K L College of Engineering),35.0,61,64,3,6,55.58,52.87862509020363,-2.701374909796371,125
2025,IR-E-U-0473,S.R.M. Institute of Science and Technology,14.0,62,59,-3,6,55.33,54.64548919789647,-0.6845108021035315,125
2025,IR-E-U-0149,Sardar Vallabhbhai National Institute of Technology,66.0,63,52,-11,6,55.2,56.76824553733012,1.5682455373301138,125
2025,IR-E-U-0202,Birla Institute of Technology,51.0,64,63,-1,6,53.620000000000005,53.792039857660434,0.17203985766042962,125
2025,IR-E-U-0747,Chandigarh University,31.0,65,60,-5,6,53.019999999999996,54.4530970150697,1.4330970150697055,125
2025,IR-E-U-0535,Rajiv Gandhi Institute of Petroleum Technology,78.0,66,69,3,6,51.46,47.88246320422621,-3.5775367957737885,125
2025,IR-E-U-0496,Aligarh Muslim University,34.0,67,65,-2,6,51.43,50.92455624163947,-0.5054437583605278,125
2025,IR-E-U-0389,Banasthali Vidyapith,71.0,68,66,-2,6,48.67,50.76734085581269,2.097340855812689,125
2025,IR-E-U-0043,"Vignan's Foundation for Science, Technology and Research",80.0,69,73,4,6,47.77,43.9821119182069,-3.787888081793106,125
2025,IR-E-C-7252,Manipal Institute of Technology,59.0,70,70,0,6,46.51,46.63604580985508,0.12604580985507852,125
2025,IR-E-U-0384,Sant Longowal Institute of Engineering & Technology,79.0,71,78,7,6,46.28,42.44372158834115,-3.836278411658853,125
2025,IR-E-U-0474,Sathyabama Institute of Science and Technology,67.0,72,71,-1,6,45.56999999999999,44.93595904082193,-0.6340409591780656,125
2025,IR-E-U-0379,Lovely Professional University,48.0,73,79,6,6,45.17,42.01605947648082,-3.153940523519182,125
2025,IR-E-U-0564,UPES,43.0,74,75,1,6,44.79,43.353374452850005,-1.436625547149994,125
2025,IR-E-C-1331,M. S. Ramaiah Institute of Technology,75.0,75,72,-3,6,43.43,44.68448156520987,1.254481565209872,125
2025,IR-E-U-0042,University of Hyderabad,74.0,76,68,-8,5,43.3,48.53911239718738,5.239112397187384,125
2025,IR-E-I-1441,Saveetha Institute of Medical and Technical Sciences,45.0,77,82,5,6,42.82,37.63081322435728,-5.1891867756427175,125
2025,IR-E-U-0223,"Jain university,Bangalore",84.0,78,74,-4,6,42.59,43.75798155645732,1.1679815564573133,125
2025,IR-E-C-37013,PSG College of Technology,67.0,79,77,-2,6,42.269999999999996,42.59988377546992,0.32988377546992353,125
2025,IR-E-U-0373,Chitkara University,89.0,80,76,-4,6,40.69,43.07061776509632,2.380617765096325,125
2025,IR-E-U-0555,Graphic Era University,52.0,81,80,-1,6,39.99,41.62803982632518,1.6380398263251763,125
2025,IR-E-U-0749,Manipal University Jaipur,58.0,82,81,-1,6,39.39,38.40245464950378,-0.9875453504962195,125
2025,IR-E-U-0489,Vel Tech Rangarajan Dr. Sagunthala R & D Institute of Science and Technology,87.0,83,84,1,6,36.95,34.12342130414537,-2.8265786958546357,125
2025,IR-E-U-0255,Indian Institute of Space Science and Technology,61.0,84,83,-1,5,36.650000000000006,35.91153846153846,-0.7384615384615429,125
2025,IR-E-U-0217,Christ University,76.0,85,86,1,6,34.04,33.41234089532393,-0.62765910467607,125
2025,IR-E-U-0497,Amity University,37.0,86,85,-1,5,32.21,33.97,1.759999999999998,125
2025,IR-E-U-0207,"National Institute of Technology, Jamshedpur",82.0,87,88,1,2,25.189999999999998,26.70923800826071,1.5192380082607109,125
2025,IR-E-U-0899,Indian Institute of Technology Dharwad,77.0,88,87,-1,2,24.81,27.380662003327096,2.5706620033270973,125
2025,IR-E-U-1257,COEP Technological University,90.0,89,89,0,2,23.39,24.731450885109265,1.3414508851092641,125
2025,IR-E-U-0329,Symbiosis International,46.0,90,90,0,2,14.01,15.297867622019387,1.2878676220193874,125
