parameter,family,strategy,n,mae,rmse,r2
ESCS,Isotonic,pooled,90,0.8276776197695443,1.145751182516729,0.867016235979051
ESCS,Isotonic,hybrid,90,0.8526254626629958,1.1682262869708637,0.8617478348060181
ESCS,CappedLinear,pooled,90,0.8675535029704786,1.1884070879383983,0.8569300387024641
ESCS,PowerLaw,pooled,90,0.8676719619916899,1.18844677342992,0.8569204832284256
ESCS,CappedLinear,hybrid,90,0.8725165872895425,1.1917021432098194,0.8561355685504851
ESCS,CappedLinear,per_year,90,0.8774796716086064,1.1953280788815137,0.855258777707492
ESCS,PowerLaw,hybrid,90,0.8788547382548986,1.1828844295714294,0.8582566726891353
ESCS,Isotonic,per_year,90,0.8838094503969173,1.2020421060416182,0.8536282199514631
ESCS,PowerLaw,per_year,90,0.8961087291414253,1.186717152921424,0.8573366452147493
ESCS,PreviousYear,per_year,90,0.9767777777777779,1.4003876447453953,0.8013381232984735
ESCS,LogLinear,pooled,90,1.2670712238268156,1.5618549922466312,0.75288482645002
ESCS,LogLinear,hybrid,90,1.2730495006268834,1.567831373191425,0.7509900539053321
ESCS,LogLinear,per_year,90,1.2799523718504722,1.5745068000526636,0.7488650978353164
ESCS,MeanBaseline,pooled,90,2.7475089065255736,3.174289891243543,-0.02073067187815303
ESCS,MeanBaseline,hybrid,90,2.74814565696649,3.1742773903685992,-0.02072263228391802
ESCS,MeanBaseline,per_year,90,2.7487824074074068,3.1746202576657803,-0.02094314943983755
FPPP,PreviousYear,per_year,92,0.27499999999999997,0.4639293424462487,0.9477889519794658
FPPP,AdditiveIsotonic,per_year,92,0.5096133160598141,0.6885322406737338,0.884997497783858
FPPP,AdditiveIsotonic,hybrid,92,0.5126199008563271,0.6468142175096085,0.8985112641886931
FPPP,AdditiveIsotonic,pooled,92,0.5692907789409358,0.6948493444910085,0.8828775813949443
FPPP,AdditiveLog,per_year,92,0.6307498016998462,0.904801572532111,0.8014063210346555
FPPP,AdditiveLog,hybrid,92,0.6876171137321588,0.8953127074325907,0.80554987574317
FPPP,AdditiveLog,pooled,92,0.7702010377505164,0.9421685810790881,0.7846643364924013
FPPP,MeanBaseline,per_year,92,1.5431299911268856,2.0545088102373126,-0.02394055352179203
FPPP,MeanBaseline,hybrid,92,1.5882688743335023,2.0535307336037407,-0.02296586415797841
FPPP,MeanBaseline,pooled,92,1.657192286825453,2.073051579308456,-0.04250691294191711
FRU,AdditiveLog,per_year,89,0.9866890568178789,1.4467937027501176,0.9240380145175541
FRU,AdditiveLog,hybrid,89,1.1507306601367921,1.5919179712532991,0.9080346010415027
FRU,AdditiveIsotonic,per_year,89,1.1564813565367367,1.5199459684753445,0.916162293764144
FRU,AdditiveIsotonic,hybrid,89,1.2834951051400545,1.6944673663945051,0.8958043696002258
FRU,AdditiveIsotonic,pooled,89,1.629732477464223,2.088307852959382,0.8417396465312423
FRU,AdditiveLog,pooled,89,1.6385961159152056,1.9853943518441581,0.8569536923330214
FRU,PreviousYear,per_year,89,3.5982022471910113,3.8275776362861347,0.4683435280566598
FRU,MeanBaseline,hybrid,89,4.306848045921712,5.383611014630149,-0.051793382667855825
FRU,MeanBaseline,per_year,89,4.31277350680071,5.317034908971834,-0.025940351507792947
FRU,MeanBaseline,pooled,89,4.341590155305205,5.50684254152616,-0.10049584117384591
GMS,PreviousYear,per_year,93,0.41010752688172053,0.5646085331439162,0.9791202747327346
GMS,LogLinear,per_year,93,0.48444383779104677,1.14592919280301,0.9139906884213557
GMS,Isotonic,hybrid,93,0.4928065574562287,1.1427042048127862,0.9144741191338948
GMS,PowerLaw,hybrid,93,0.5088830769826076,1.2284310054209047,0.9011602942500724
GMS,Isotonic,per_year,93,0.5096105904424901,1.1670725668979547,0.9107875171400718
GMS,LogLinear,hybrid,93,0.515169771934362,1.145966961860759,0.9139850187094565
GMS,PowerLaw,per_year,93,0.5205609690736449,1.2363446194453003,0.8998827317379436
GMS,Isotonic,pooled,93,0.5363634779525248,1.1495292510575148,0.9134494247634848
GMS,PowerLaw,pooled,93,0.5364718844836521,1.234636123351847,0.900159243274685
GMS,LogLinear,pooled,93,0.5625376134788991,1.1589421090606096,0.9120261920976984
GMS,CappedLinear,pooled,93,0.7743548420909989,1.4073414091741008,0.8702734591701073
GMS,CappedLinear,hybrid,93,0.7819067914222024,1.4007803175896025,0.8714802220274023
GMS,CappedLinear,per_year,93,0.80879954551412,1.4084334035809667,0.8700720643766914
GMS,MeanBaseline,per_year,93,3.300645161290322,3.9592474113067317,-0.02672748448040152
GMS,MeanBaseline,hybrid,93,3.3060869947413507,3.9501687588146193,-0.022024259811614932
GMS,MeanBaseline,pooled,93,3.315847281543091,3.9457418832266584,-0.019734818861608217
GPHD,PreviousYear,per_year,93,0.7848387096774193,1.0247176374783151,0.9485448499729372
GPHD,Isotonic,per_year,93,1.6575011846062948,2.26780759623808,0.7479812591311049
GPHD,Isotonic,hybrid,93,1.6600534732058156,2.252981280248432,0.7512657488265163
GPHD,Isotonic,pooled,93,1.6999484488347034,2.277242289351565,0.7458799649463272
GPHD,LogLinear,per_year,93,1.7697775148181683,2.4552419224199946,0.7046010087537158
GPHD,LogLinear,hybrid,93,1.7948661261832666,2.4646056666502054,0.7023435406768916
GPHD,LogLinear,pooled,93,1.8199547375483647,2.4792497887337652,0.6987958190815211
GPHD,PowerLaw,per_year,93,1.8238411503664473,2.366523002174717,0.7255634909649582
GPHD,PowerLaw,hybrid,93,1.8509743978680062,2.3797154561071854,0.7224952068868473
GPHD,PowerLaw,pooled,93,1.8811336296767376,2.3957913555670696,0.7187332381997729
GPHD,CappedLinear,per_year,93,1.9856921195980592,2.4472993418793494,0.7065091183305765
GPHD,CappedLinear,hybrid,93,2.0021297884667977,2.454909133633138,0.7046810813598163
GPHD,CappedLinear,pooled,93,2.018926680863297,2.468209051457427,0.7014725251991432
GPHD,MeanBaseline,per_year,93,3.6377897252090796,4.573700757633078,-0.025075655349584558
GPHD,MeanBaseline,hybrid,93,3.638756384289429,4.576157204666864,-0.026177048021762017
GPHD,MeanBaseline,pooled,93,3.6408511983689,4.579107380038278,-0.027500594384900934
SS,PreviousYear,per_year,93,0.6802150537634409,0.9542344789726555,0.9301034120745735
SS,MeanBaseline,pooled,93,2.9988513372172894,3.650960128097263,-0.02319862176697063
SS,MeanBaseline,hybrid,93,3.000396668934484,3.651663138671955,-0.02359270369618649
SS,MeanBaseline,per_year,93,3.001942000651677,3.6523988190241385,-0.02400518034983712
SS,AdditiveIsotonic,pooled,93,3.010649960526336,3.6749199994791195,-0.036672420534063166
SS,AdditiveLog,pooled,93,3.014823222495969,3.74881453529699,-0.07878196325014808
SS,AdditiveLog,hybrid,93,3.0314023699707278,3.752466549299288,-0.08088483913073419
SS,AdditiveIsotonic,hybrid,93,3.0420199262622223,3.7010555430438195,-0.05147020751725506
SS,AdditiveLog,per_year,93,3.0482235905222836,3.757626873124142,-0.0838597096062832
SS,AdditiveIsotonic,per_year,93,3.075723293976056,3.732913597446597,-0.06964986806757612
