year,institute_id,field,status,detail
2023,IR-E-C-1269,ss_ne,thin,admitted counts for only 3 programme(s):
2023,IR-E-C-1331,ss_ne,thin,admitted counts for only 2 programme(s):
2023,IR-E-C-16604,ss_ne,thin,admitted counts for only 3 programme(s):
2023,IR-E-C-16626,ss_ne,thin,admitted counts for only 2 programme(s):
2023,IR-E-C-19754,ss_ne,thin,admitted counts for only 3 programme(s):
2023,IR-E-C-24004,ss_ne,thin,admitted counts for only 3 programme(s):
2023,IR-E-C-30045,ss_ne,thin,admitted counts for only 2 programme(s):
2023,IR-E-C-36995,ss_ne,thin,admitted counts for only 3 programme(s):
2023,IR-E-C-41593,ss_ne,thin,admitted counts for only 3 programme(s):
2023,IR-E-C-6379,ss_ne,thin,admitted counts for only 3 programme(s):
2023,IR-E-C-7252,ss_ne,thin,admitted counts for only 3 programme(s):
2023,IR-E-I-1075,ss_ne,thin,admitted counts for only 2 programme(s):
2023,IR-E-I-1441,fppp_sponsored_per_faculty,missing,no complete sponsored block in any extraction pass
2023,IR-E-I-1441,ss_ne,thin,admitted counts for only 3 programme(s):
2023,IR-E-I-1480,ss_ne,thin,admitted counts for only 3 programme(s):
2023,IR-E-U-0013,ss_ne,thin,admitted counts for only 2 programme(s):
2023,IR-E-U-0017,ss_ne,thin,admitted counts for only 2 programme(s):
2023,IR-E-U-0020,ss_ne,thin,admitted counts for only 3 programme(s):
2023,IR-E-U-0025,ss_ne,thin,admitted counts for only 3 programme(s):
2023,IR-E-U-0042,escs_pct,missing,no UG strength rows
2023,IR-E-U-0043,ss_ne,thin,admitted counts for only 2 programme(s):
2023,IR-E-U-0053,ss_ne,thin,admitted counts for only 2 programme(s):
2023,IR-E-U-0055,ss_ne,thin,admitted counts for only 3 programme(s):
2023,IR-E-U-0064,ss_ne,thin,admitted counts for only 3 programme(s):
2023,IR-E-U-0072,ss_ne,thin,admitted counts for only 3 programme(s):
2023,IR-E-U-0092,ss_ne,thin,admitted counts for only 2 programme(s):
2023,IR-E-U-0098,ss_ne,thin,admitted counts for only 3 programme(s):
2023,IR-E-U-0099,ss_ne,thin,admitted counts for only 2 programme(s):
2023,IR-E-U-0105,ss_ne,thin,admitted counts for only 3 programme(s):
2023,IR-E-U-0108,ss_ne,thin,admitted counts for only 3 programme(s):
2023,IR-E-U-0139,ss_ne,thin,admitted counts for only 3 programme(s):
2023,IR-E-U-0149,ss_ne,thin,admitted counts for only 2 programme(s):
2023,IR-E-U-0155,ss_ne,thin,admitted counts for only 2 programme(s):
2023,IR-E-U-0172,ss_ne,thin,admitted counts for only 3 programme(s):
2023,IR-E-U-0184,ss_ne,thin,admitted counts for only 3 programme(s):
2023,IR-E-U-0197,ss_ne,thin,admitted counts for only 2 programme(s):
2023,IR-E-U-0202,ss_ne,thin,admitted counts for only 3 programme(s):
2023,IR-E-U-0221,escs_pct,missing,no UG strength rows
2023,IR-E-U-0221,ss_ne,thin,admitted counts for only 3 programme(s):
2023,IR-E-U-0237,ss_ne,thin,admitted counts for only 3 programme(s):
2023,IR-E-U-0249,ss_ne,thin,admitted counts for only 1 programme(s):
2023,IR-E-U-0255,fru_capital_per_student,missing,no capital-expenditure table
2023,IR-E-U-0263,ss_ne,thin,admitted counts for only 3 programme(s):
2023,IR-E-U-0267,ss_ne,thin,admitted counts for only 3 programme(s):
2023,IR-E-U-0273,ss_ne,thin,admitted counts for only 2 programme(s):
2023,IR-E-U-0284,ss_ne,thin,admitted counts for only 2 programme(s):
2023,IR-E-U-0286,ss_ne,thin,admitted counts for only 3 programme(s):
2023,IR-E-U-0297,escs_pct,missing,no UG strength rows
2023,IR-E-U-0297,ss_ne,thin,admitted counts for only 1 programme(s):
2023,IR-E-U-0306,fru_capital_per_student,missing,no capital-expenditure table
2023,IR-E-U-0308,ss_ne,thin,admitted counts for only 2 programme(s):
2023,IR-E-U-0308,fru_operational_per_student,missing,no operational table
2023,IR-E-U-0334,ss_ne,thin,admitted counts for only 3 programme(s):
2023,IR-E-U-0356,ss_ne,thin,admitted counts for only 3 programme(s):
2023,IR-E-U-0357,ss_ne,thin,admitted counts for only 2 programme(s):
2023,IR-E-U-0357,fru_capital_per_student,missing,no capital-expenditure table
2023,IR-E-U-0363,ss_ne,thin,admitted counts for only 2 programme(s):
2023,IR-E-U-0373,ss_ne,thin,admitted counts for only 2 programme(s):
2023,IR-E-U-0374,ss_ne,thin,admitted counts for only 2 programme(s):
2023,IR-E-U-0378,ss_ne,thin,admitted counts for only 2 programme(s):
2023,IR-E-U-0379,ss_ne,thin,admitted counts for only 3 programme(s):
2023,IR-E-U-0389,ss_ne,thin,admitted counts for only 3 programme(s):
2023,IR-E-U-0391,ss_ne,thin,admitted counts for only 2 programme(s):
2023,IR-E-U-0395,ss_ne,thin,admitted counts for only 3 programme(s):
2023,IR-E-U-0410,ss_ne,thin,admitted counts for only 3 programme(s):
2023,IR-E-U-0436,ss_ne,thin,admitted counts for only 3 programme(s):
2023,IR-E-U-0439,ss_ne,thin,admitted counts for only 2 programme(s):
2023,IR-E-U-0458,ss_ne,thin,admitted counts for only 2 programme(s):
2023,IR-E-U-0467,ss_ne,thin,admitted counts for only 1 programme(s):
2023,IR-E-U-0473,ss_ne,thin,admitted counts for only 3 programme(s):
2023,IR-E-U-0474,ss_ne,thin,admitted counts for only 2 programme(s):
2023,IR-E-U-0476,ss_ne,thin,admitted counts for only 3 programme(s):
2023,IR-E-U-0489,ss_ne,thin,admitted counts for only 2 programme(s):
2023,IR-E-U-0490,ss_ne,thin,admitted counts for only 3 programme(s):
2023,IR-E-U-0493,ss_ne,thin,admitted counts for only 2 programme(s):
2023,IR-E-U-0496,ss_ne,thin,admitted counts for only 3 programme(s):
2023,IR-E-U-0497,ss_ne,thin,admitted counts for only 2 programme(s):
2023,IR-E-U-0530,ss_ne,thin,admitted counts for only 2 programme(s):
2023,IR-E-U-0535,ss_ne,thin,admitted counts for only 3 programme(s):
2023,IR-E-U-0555,ss_ne,thin,admitted counts for only 2 programme(s):
2023,IR-E-U-0560,ss_ne,thin,admitted counts for only 2 programme(s):
2023,IR-E-U-0564,ss_ne,thin,admitted counts for only 3 programme(s):
2023,IR-E-U-0573,gphd_avg,missing,no PhD graduation cells
2023,IR-E-U-0573,fppp_consultancy_per_faculty,missing,no amounts
2023,IR-E-U-0575,ss_ne,thin,admitted counts for only 2 programme(s):
2023,IR-E-U-0584,ss_ne,thin,admitted counts for only 3 programme(s):
2023,IR-E-U-0613,ss_ne,thin,admitted counts for only 3 programme(s):
2023,IR-E-U-0619,ss_ne,thin,admitted counts for only 2 programme(s):
2023,IR-E-U-0620,ss_ne,thin,admitted counts for only 3 programme(s):
2023,IR-E-U-0622,ss_ne,thin,admitted counts for only 3 programme(s):
2023,IR-E-U-0747,ss_ne,thin,admitted counts for only 3 programme(s):
2023,IR-E-U-0749,ss_ne,thin,admitted counts for only 3 programme(s):
2023,IR-E-U-0844,ss_ne,thin,admitted counts for only 2 programme(s):
2023,IR-E-U-0878,ss_ne,thin,admitted counts for only 3 programme(s):
2023,IR-E-U-0899,ss_ne,thin,admitted counts for only 2 programme(s):
2023,IR-E-U-0906,ss_ne,thin,admitted counts for only 2 programme(s):
2023,IR-E-U-0946,ss_ne,thin,admitted counts for only 3 programme(s):
2024,IR-E-C-1269,ss_ne,thin,admitted counts for only 3 programme(s):
2024,IR-E-C-1297,ss_ne,thin,admitted counts for only 3 programme(s):
2024,IR-E-C-1331,ss_ne,thin,admitted counts for only 2 programme(s):
2024,IR-E-C-16604,ss_ne,thin,admitted counts for only 3 programme(s):
2024,IR-E-C-19754,ss_ne,thin,admitted counts for only 2 programme(s):
2024,IR-E-C-24004,ss_ne,thin,admitted counts for only 3 programme(s):
2024,IR-E-C-30045,ss_ne,thin,admitted counts for only 2 programme(s):
2024,IR-E-C-36995,ss_ne,thin,admitted counts for only 3 programme(s):
2024,IR-E-C-41593,ss_ne,thin,admitted counts for only 3 programme(s):
2024,IR-E-C-6379,ss_ne,thin,admitted counts for only 3 programme(s):
2024,IR-E-C-7252,ss_ne,thin,admitted counts for only 2 programme(s):
2024,IR-E-I-1075,ss_ne,thin,admitted counts for only 2 programme(s):
2024,IR-E-I-1441,fppp_sponsored_per_faculty,missing,no complete sponsored block in any extraction pass
2024,IR-E-I-1441,ss_ne,thin,admitted counts for only 3 programme(s):
2024,IR-E-I-1480,ss_ne,thin,admitted counts for only 3 programme(s):
2024,IR-E-U-0013,ss_ne,thin,admitted counts for only 2 programme(s):
2024,IR-E-U-0017,ss_ne,thin,admitted counts for only 2 programme(s):
2024,IR-E-U-0020,ss_ne,thin,admitted counts for only 3 programme(s):
2024,IR-E-U-0025,ss_ne,thin,admitted counts for only 3 programme(s):
2024,IR-E-U-0042,escs_pct,missing,no UG strength rows
2024,IR-E-U-0043,ss_ne,thin,admitted counts for only 2 programme(s):
2024,IR-E-U-0053,ss_ne,thin,admitted counts for only 2 programme(s):
2024,IR-E-U-0055,ss_ne,thin,admitted counts for only 3 programme(s):
2024,IR-E-U-0064,ss_ne,thin,admitted counts for only 3 programme(s):
2024,IR-E-U-0072,ss_ne,thin,admitted counts for only 3 programme(s):
2024,IR-E-U-0092,ss_ne,thin,admitted counts for only 2 programme(s):
2024,IR-E-U-0098,ss_ne,thin,admitted counts for only 3 programme(s):
2024,IR-E-U-0099,ss_ne,thin,admitted counts for only 3 programme(s):
2024,IR-E-U-0105,ss_ne,thin,admitted counts for only 2 programme(s):
2024,IR-E-U-0108,ss_ne,thin,admitted counts for only 3 programme(s):
2024,IR-E-U-0139,ss_ne,thin,admitted counts for only 3 programme(s):
2024,IR-E-U-0149,ss_ne,thin,admitted counts for only 2 programme(s):
2024,IR-E-U-0172,ss_ne,thin,admitted counts for only 3 programme(s):
2024,IR-E-U-0184,ss_ne,thin,admitted counts for only 3 programme(s):
2024,IR-E-U-0190,ss_ne,thin,admitted counts for only 2 programme(s):
2024,IR-E-U-0197,ss_ne,thin,admitted counts for only 2 programme(s):
2024,IR-E-U-0202,ss_ne,thin,admitted counts for only 2 programme(s):
2024,IR-E-U-0217,ss_ne,thin,admitted counts for only 3 programme(s):
2024,IR-E-U-0221,escs_pct,missing,no UG strength rows
2024,IR-E-U-0221,ss_ne,thin,admitted counts for only 3 programme(s):
2024,IR-E-U-0223,ss_ne,thin,admitted counts for only 2 programme(s):
2024,IR-E-U-0237,ss_ne,thin,admitted counts for only 3 programme(s):
2024,IR-E-U-0249,ss_ne,thin,admitted counts for only 2 programme(s):
2024,IR-E-U-0255,fru_capital_per_student,missing,no capital-expenditure table
2024,IR-E-U-0263,ss_ne,thin,admitted counts for only 3 programme(s):
2024,IR-E-U-0273,ss_ne,thin,admitted counts for only 3 programme(s):
2024,IR-E-U-0284,ss_ne,thin,admitted counts for only 1 programme(s):
2024,IR-E-U-0297,escs_pct,missing,no UG strength rows
2024,IR-E-U-0297,ss_ne,thin,admitted counts for only 1 programme(s):
2024,IR-E-U-0306,fru_capital_per_student,missing,no capital-expenditure table
2024,IR-E-U-0308,ss_ne,thin,admitted counts for only 3 programme(s):
2024,IR-E-U-0334,ss_ne,thin,admitted counts for only 3 programme(s):
2024,IR-E-U-0356,ss_ne,thin,admitted counts for only 3 programme(s):
2024,IR-E-U-0357,ss_ne,thin,admitted counts for only 2 programme(s):
2024,IR-E-U-0357,fru_capital_per_student,missing,no capital-expenditure table
2024,IR-E-U-0363,ss_ne,thin,admitted counts for only 2 programme(s):
2024,IR-E-U-0373,ss_ne,thin,admitted counts for only 2 programme(s):
2024,IR-E-U-0374,ss_ne,thin,admitted counts for only 3 programme(s):
2024,IR-E-U-0378,ss_ne,thin,admitted counts for only 2 programme(s):
2024,IR-E-U-0379,ss_ne,thin,admitted counts for only 2 programme(s):
2024,IR-E-U-0384,ss_ne,thin,admitted counts for only 3 programme(s):
2024,IR-E-U-0389,ss_ne,thin,admitted counts for only 2 programme(s):
2024,IR-E-U-0391,ss_ne,thin,admitted counts for only 2 programme(s):
2024,IR-E-U-0395,ss_ne,thin,admitted counts for only 3 programme(s):
2024,IR-E-U-0410,ss_ne,thin,admitted counts for only 3 programme(s):
2024,IR-E-U-0436,ss_ne,thin,admitted counts for only 2 programme(s):
2024,IR-E-U-0439,ss_ne,thin,admitted counts for only 2 programme(s):
2024,IR-E-U-0458,ss_ne,thin,admitted counts for only 2 programme(s):
2024,IR-E-U-0467,ss_ne,thin,admitted counts for only 1 programme(s):
2024,IR-E-U-0473,ss_ne,thin,admitted counts for only 2 programme(s):
2024,IR-E-U-0473,fru_operational_per_student,missing,no operational table
2024,IR-E-U-0474,ss_ne,thin,admitted counts for only 2 programme(s):
2024,IR-E-U-0476,ss_ne,thin,admitted counts for only 3 programme(s):
2024,IR-E-U-0489,ss_ne,thin,admitted counts for only 2 programme(s):
2024,IR-E-U-0490,ss_ne,thin,admitted counts for only 3 programme(s):
2024,IR-E-U-0493,ss_ne,thin,admitted counts for only 2 programme(s):
2024,IR-E-U-0496,ss_ne,thin,admitted counts for only 3 programme(s):
2024,IR-E-U-0497,ss_ne,thin,admitted counts for only 3 programme(s):
2024,IR-E-U-0516,ss_ne,thin,admitted counts for only 3 programme(s):
2024,IR-E-U-0530,ss_ne,thin,admitted counts for only 2 programme(s):
2024,IR-E-U-0535,ss_ne,thin,admitted counts for only 3 programme(s):
2024,IR-E-U-0555,ss_ne,thin,admitted counts for only 2 programme(s):
2024,IR-E-U-0560,ss_ne,thin,admitted counts for only 2 programme(s):
2024,IR-E-U-0564,ss_ne,thin,admitted counts for only 3 programme(s):
2024,IR-E-U-0575,ss_ne,thin,admitted counts for only 2 programme(s):
2024,IR-E-U-0584,ss_ne,thin,admitted counts for only 3 programme(s):
2024,IR-E-U-0619,ss_ne,thin,admitted counts for only 2 programme(s):
2024,IR-E-U-0621,ss_ne,thin,admitted counts for only 3 programme(s):
2024,IR-E-U-0622,ss_ne,thin,admitted counts for only 2 programme(s):
2024,IR-E-U-0739,ss_ne,thin,admitted counts for only 3 programme(s):
2024,IR-E-U-0747,ss_ne,thin,admitted counts for only 3 programme(s):
2024,IR-E-U-0749,ss_ne,thin,admitted counts for only 3 programme(s):
2024,IR-E-U-0844,ss_ne,thin,admitted counts for only 1 programme(s):
2024,IR-E-U-0878,ss_ne,thin,admitted counts for only 3 programme(s):
2024,IR-E-U-0906,ss_ne,thin,admitted counts for only 2 programme(s):
2024,IR-E-U-0946,ss_ne,thin,admitted counts for only 3 programme(s):
2025,IR-E-C-1331,ss_ne,thin,admitted counts for only 2 programme(s):
2025,IR-E-C-16604,ss_ne,thin,admitted counts for only 2 programme(s):
2025,IR-E-C-24004,ss_ne,thin,admitted counts for only 2 programme(s):
2025,IR-E-C-6379,ss_ne,thin,admitted counts for only 3 programme(s):
2025,IR-E-C-7252,ss_ne,thin,admitted counts for only 2 programme(s):
2025,IR-E-I-1075,ss_ne,thin,admitted counts for only 2 programme(s):
2025,IR-E-I-1441,ss_ne,thin,admitted counts for only 2 programme(s):
2025,IR-E-I-1480,ss_ne,thin,admitted counts for only 3 programme(s):
2025,IR-E-U-0013,ss_ne,thin,admitted counts for only 2 programme(s):
2025,IR-E-U-0020,ss_ne,thin,admitted counts for only 3 programme(s):
2025,IR-E-U-0025,ss_ne,thin,admitted counts for only 3 programme(s):
2025,IR-E-U-0042,escs_pct,missing,no UG strength rows
2025,IR-E-U-0043,ss_ne,thin,admitted counts for only 2 programme(s):
2025,IR-E-U-0053,ss_ne,thin,admitted counts for only 2 programme(s):
2025,IR-E-U-0055,ss_ne,thin,admitted counts for only 3 programme(s):
2025,IR-E-U-0064,ss_ne,thin,admitted counts for only 3 programme(s):
2025,IR-E-U-0072,ss_ne,thin,admitted counts for only 3 programme(s):
2025,IR-E-U-0092,ss_ne,thin,admitted counts for only 2 programme(s):
2025,IR-E-U-0098,ss_ne,thin,admitted counts for only 2 programme(s):
2025,IR-E-U-0105,ss_ne,thin,admitted counts for only 2 programme(s):
2025,IR-E-U-0108,ss_ne,thin,admitted counts for only 3 programme(s):
2025,IR-E-U-0139,ss_ne,thin,admitted counts for only 3 programme(s):
2025,IR-E-U-0149,ss_ne,thin,admitted counts for only 3 programme(s):
2025,IR-E-U-0172,ss_ne,thin,admitted counts for only 3 programme(s):
2025,IR-E-U-0197,ss_ne,thin,admitted counts for only 2 programme(s):
2025,IR-E-U-0202,ss_ne,thin,admitted counts for only 2 programme(s):
2025,IR-E-U-0207,ss_ne,thin,admitted counts for only 2 programme(s):
2025,IR-E-U-0217,ss_ne,thin,admitted counts for only 3 programme(s):
2025,IR-E-U-0221,escs_pct,missing,no UG strength rows
2025,IR-E-U-0221,ss_ne,thin,admitted counts for only 3 programme(s):
2025,IR-E-U-0223,ss_ne,thin,admitted counts for only 3 programme(s):
2025,IR-E-U-0237,ss_ne,thin,admitted counts for only 3 programme(s):
2025,IR-E-U-0255,fru_capital_per_student,missing,no capital-expenditure table
2025,IR-E-U-0263,ss_ne,thin,admitted counts for only 2 programme(s):
2025,IR-E-U-0273,ss_ne,thin,admitted counts for only 3 programme(s):
2025,IR-E-U-0284,ss_ne,thin,admitted counts for only 1 programme(s):
2025,IR-E-U-0306,fru_capital_per_student,missing,no capital-expenditure table
2025,IR-E-U-0308,ss_ne,thin,admitted counts for only 3 programme(s):
2025,IR-E-U-0329,ss_ne,thin,admitted counts for only 2 programme(s):
2025,IR-E-U-0334,ss_ne,thin,admitted counts for only 3 programme(s):
2025,IR-E-U-0356,ss_ne,thin,admitted counts for only 3 programme(s):
2025,IR-E-U-0357,ss_ne,thin,admitted counts for only 2 programme(s):
2025,IR-E-U-0357,fru_capital_per_student,missing,no capital-expenditure table
2025,IR-E-U-0363,ss_ne,thin,admitted counts for only 2 programme(s):
2025,IR-E-U-0373,ss_ne,thin,admitted counts for only 2 programme(s):
2025,IR-E-U-0374,ss_ne,thin,admitted counts for only 3 programme(s):
2025,IR-E-U-0378,ss_ne,thin,admitted counts for only 2 programme(s):
2025,IR-E-U-0379,ss_ne,thin,admitted counts for only 3 programme(s):
2025,IR-E-U-0384,ss_ne,thin,admitted counts for only 3 programme(s):
2025,IR-E-U-0389,ss_ne,thin,admitted counts for only 2 programme(s):
2025,IR-E-U-0391,ss_ne,thin,admitted counts for only 2 programme(s):
2025,IR-E-U-0395,ss_ne,thin,admitted counts for only 2 programme(s):
2025,IR-E-U-0410,ss_ne,thin,admitted counts for only 3 programme(s):
2025,IR-E-U-0436,ss_ne,thin,admitted counts for only 2 programme(s):
2025,IR-E-U-0439,ss_ne,thin,admitted counts for only 2 programme(s):
2025,IR-E-U-0458,ss_ne,thin,admitted counts for only 2 programme(s):
2025,IR-E-U-0467,ss_ne,thin,admitted counts for only 1 programme(s):
2025,IR-E-U-0473,ss_ne,thin,admitted counts for only 2 programme(s):
2025,IR-E-U-0474,ss_ne,thin,admitted counts for only 2 programme(s):
2025,IR-E-U-0476,ss_ne,thin,admitted counts for only 2 programme(s):
2025,IR-E-U-0489,ss_ne,thin,admitted counts for only 2 programme(s):
2025,IR-E-U-0490,ss_ne,thin,admitted counts for only 3 programme(s):
2025,IR-E-U-0496,ss_ne,thin,admitted counts for only 2 programme(s):
2025,IR-E-U-0497,ss_ne,thin,admitted counts for only 3 programme(s):
2025,IR-E-U-0497,fru_operational_per_student,missing,no operational table
2025,IR-E-U-0530,ss_ne,thin,admitted counts for only 3 programme(s):
2025,IR-E-U-0535,ss_ne,thin,admitted counts for only 2 programme(s):
2025,IR-E-U-0555,ss_ne,thin,admitted counts for only 2 programme(s):
2025,IR-E-U-0560,ss_ne,thin,admitted counts for only 2 programme(s):
2025,IR-E-U-0564,ss_ne,thin,admitted counts for only 3 programme(s):
2025,IR-E-U-0575,ss_ne,thin,admitted counts for only 2 programme(s):
2025,IR-E-U-0584,ss_ne,thin,admitted counts for only 3 programme(s):
2025,IR-E-U-0619,ss_ne,thin,admitted counts for only 2 programme(s):
2025,IR-E-U-0622,ss_ne,thin,admitted counts for only 2 programme(s):
2025,IR-E-U-0701,fru_capital_per_student,missing,no capital-expenditure table
2025,IR-E-U-0739,ss_ne,thin,admitted counts for only 2 programme(s):
2025,IR-E-U-0747,ss_ne,thin,admitted counts for only 3 programme(s):
2025,IR-E-U-0749,ss_ne,thin,admitted counts for only 3 programme(s):
2025,IR-E-U-0844,ss_ne,thin,admitted counts for only 2 programme(s):
2025,IR-E-U-0878,ss_ne,thin,admitted counts for only 3 programme(s):
2025,IR-E-U-0899,ss_ne,thin,admitted counts for only 3 programme(s):
2025,IR-E-U-0906,ss_ne,thin,admitted counts for only 2 programme(s):
2025,IR-E-U-0946,ss_ne,thin,admitted counts for only 3 programme(s):
2025,IR-E-U-1257,ss_ne,thin,admitted counts for only 2 programme(s):
