year,institute_id,chars,patent_hits,sections,note
2023,IR-E-C-1269,19630,,faculty_details;financial_resources;library_expenditure_line;pcs_facilities,
2023,IR-E-C-1331,19357,,faculty_details;financial_resources;library_expenditure_line;pcs_facilities,
2023,IR-E-C-16604,19311,,faculty_details;financial_resources;library_expenditure_line;pcs_facilities,
2023,IR-E-C-16626,20264,,faculty_details;financial_resources;library_expenditure_line;pcs_facilities,
2023,IR-E-C-19754,19027,,faculty_details;financial_resources;library_expenditure_line;pcs_facilities,
2023,IR-E-C-24004,20170,,faculty_details;financial_resources;library_expenditure_line;pcs_facilities,
2023,IR-E-C-30045,20554,,faculty_details;financial_resources;library_expenditure_line;pcs_facilities,
2023,IR-E-C-36995,21077,,faculty_details;financial_resources;library_expenditure_line;pcs_facilities,
2023,IR-E-C-37013,21212,,faculty_details;financial_resources;library_expenditure_line;pcs_facilities,
2023,IR-E-C-41593,19031,,faculty_details;financial_resources;library_expenditure_line;pcs_facilities,
2023,IR-E-C-6379,18706,,faculty_details;financial_resources;library_expenditure_line;pcs_facilities,
2023,IR-E-C-7252,19490,,faculty_details;financial_resources;library_expenditure_line;pcs_facilities,
2023,IR-E-I-1074,21982,,faculty_details;financial_resources;library_expenditure_line;pcs_facilities,
2023,IR-E-I-1075,17805,,faculty_details;financial_resources;library_expenditure_line;pcs_facilities,
2023,IR-E-I-1441,19046,,faculty_details;financial_resources;library_expenditure_line;pcs_facilities,
2023,IR-E-I-1480,17950,,faculty_details;financial_resources;library_expenditure_line;pcs_facilities,
2023,IR-E-U-0013,22512,,faculty_details;financial_resources;library_expenditure_line;pcs_facilities,
2023,IR-E-U-0014,22544,,faculty_details;financial_resources;library_expenditure_line;pcs_facilities,
2023,IR-E-U-0017,20436,,faculty_details;financial_resources;library_expenditure_line;pcs_facilities,
2023,IR-E-U-0020,19932,,faculty_details;financial_resources;library_expenditure_line;pcs_facilities,
2023,IR-E-U-0025,18544,,faculty_details;financial_resources;library_expenditure_line;pcs_facilities,
2023,IR-E-U-0042,17900,,faculty_details;financial_resources;library_expenditure_line;pcs_facilities,
2023,IR-E-U-0043,20931,,faculty_details;financial_resources;library_expenditure_line;pcs_facilities,
2023,IR-E-U-0053,18850,,faculty_details;financial_resources;library_expenditure_line;pcs_facilities,
2023,IR-E-U-0055,19202,,faculty_details;financial_resources;library_expenditure_line;pcs_facilities,
2023,IR-E-U-0064,19215,,faculty_details;financial_resources;library_expenditure_line;pcs_facilities,
2023,IR-E-U-0072,18995,,faculty_details;financial_resources;library_expenditure_line;pcs_facilities,
2023,IR-E-U-0092,20718,,faculty_details;financial_resources;library_expenditure_line;pcs_facilities,
2023,IR-E-U-0098,19277,,faculty_details;financial_resources;library_expenditure_line;pcs_facilities,
2023,IR-E-U-0099,22146,,faculty_details;financial_resources;library_expenditure_line;pcs_facilities,
2023,IR-E-U-0105,19350,,faculty_details;financial_resources;library_expenditure_line;pcs_facilities,
2023,IR-E-U-0108,17484,,faculty_details;financial_resources;library_expenditure_line;pcs_facilities,
2023,IR-E-U-0139,18560,,faculty_details;financial_resources;library_expenditure_line;pcs_facilities,
2023,IR-E-U-0149,20125,,faculty_details;financial_resources;library_expenditure_line;pcs_facilities,
2023,IR-E-U-0155,22450,,faculty_details;financial_resources;library_expenditure_line;pcs_facilities,
2023,IR-E-U-0172,19141,,faculty_details;financial_resources;library_expenditure_line;pcs_facilities,
2023,IR-E-U-0184,20460,,faculty_details;financial_resources;library_expenditure_line;pcs_facilities,
2023,IR-E-U-0197,19596,,faculty_details;financial_resources;library_expenditure_line;pcs_facilities,
2023,IR-E-U-0202,18258,,faculty_details;financial_resources;library_expenditure_line;pcs_facilities,
2023,IR-E-U-0205,22585,,faculty_details;financial_resources;library_expenditure_line;pcs_facilities,
2023,IR-E-U-0221,19987,,faculty_details;financial_resources;library_expenditure_line;pcs_facilities,
2023,IR-E-U-0237,19769,,faculty_details;financial_resources;library_expenditure_line;pcs_facilities,
2023,IR-E-U-0249,19189,,faculty_details;financial_resources;library_expenditure_line;pcs_facilities,
2023,IR-E-U-0255,23731,,faculty_details;financial_resources;library_expenditure_line;pcs_facilities,
2023,IR-E-U-0263,18740,,faculty_details;financial_resources;library_expenditure_line;pcs_facilities,
2023,IR-E-U-0267,21739,,faculty_details;financial_resources;library_expenditure_line;pcs_facilities,
2023,IR-E-U-0273,18579,,faculty_details;financial_resources;library_expenditure_line;pcs_facilities,
2023,IR-E-U-0284,21127,,faculty_details;financial_resources;library_expenditure_line;pcs_facilities,
2023,IR-E-U-0286,18532,,faculty_details;financial_resources;library_expenditure_line;pcs_facilities,
2023,IR-E-U-0297,15466,,faculty_details;financial_resources;library_expenditure_line;pcs_facilities,
2023,IR-E-U-0306,23764,,faculty_details;financial_resources;library_expenditure_line;pcs_facilities,
2023,IR-E-U-0308,20489,,faculty_details;financial_resources;library_expenditure_line;pcs_facilities,
2023,IR-E-U-0334,18997,,faculty_details;financial_resources;library_expenditure_line;pcs_facilities,
2023,IR-E-U-0355,22918,,faculty_details;financial_resources;library_expenditure_line;pcs_facilities,
2023,IR-E-U-0356,17849,,faculty_details;financial_resources;library_expenditure_line;pcs_facilities,
2023,IR-E-U-0357,24686,,faculty_details;financial_resources;library_expenditure_line;pcs_facilities,
2023,IR-E-U-0363,19712,,faculty_details;financial_resources;library_expenditure_line;pcs_facilities,
2023,IR-E-U-0373,19458,,faculty_details;financial_resources;library_expenditure_line;pcs_facilities,
2023,IR-E-U-0374,19606,,faculty_details;financial_resources;library_expenditure_line;pcs_facilities,
2023,IR-E-U-0378,23936,,faculty_details;financial_resources;library_expenditure_line;pcs_facilities,
2023,IR-E-U-0379,20897,,faculty_details;financial_resources;library_expenditure_line;pcs_facilities,
2023,IR-E-U-0389,19484,,faculty_details;financial_resources;library_expenditure_line;pcs_facilities,
2023,IR-E-U-0391,19122,,faculty_details;financial_resources;library_expenditure_line;pcs_facilities,
2023,IR-E-U-0395,19144,,faculty_details;financial_resources;library_expenditure_line;pcs_facilities,
2023,IR-E-U-0410,19763,,faculty_details;financial_resources;library_expenditure_line;pcs_facilities,
2023,IR-E-U-0436,19062,,faculty_details;financial_resources;library_expenditure_line;pcs_facilities,
2023,IR-E-U-0439,20307,,faculty_details;financial_resources;library_expenditure_line;pcs_facilities,
2023,IR-E-U-0456,24214,,faculty_details;financial_resources;library_expenditure_line;pcs_facilities,
2023,IR-E-U-0458,19645,,faculty_details;financial_resources;library_expenditure_line;pcs_facilities,
2023,IR-E-U-0467,21497,,faculty_details;financial_resources;library_expenditure_line;pcs_facilities,
2023,IR-E-U-0473,18803,,faculty_details;financial_resources;library_expenditure_line;pcs_facilities,
2023,IR-E-U-0474,19367,,faculty_details;financial_resources;library_expenditure_line;pcs_facilities,
2023,IR-E-U-0476,21017,,faculty_details;financial_resources;library_expenditure_line;pcs_facilities,
2023,IR-E-U-0489,19933,,faculty_details;financial_resources;library_expenditure_line;pcs_facilities,
2023,IR-E-U-0490,21088,,faculty_details;financial_resources;library_expenditure_line;pcs_facilities,
2023,IR-E-U-0493,19861,,faculty_details;financial_resources;library_expenditure_line;pcs_facilities,
2023,IR-E-U-0496,19732,,faculty_details;financial_resources;library_expenditure_line;pcs_facilities,
2023,IR-E-U-0497,20989,,faculty_details;financial_resources;library_expenditure_line;pcs_facilities,
2023,IR-E-U-0516,23459,,faculty_details;financial_resources;library_expenditure_line;pcs_facilities,
2023,IR-E-U-0530,19850,,faculty_details;financial_resources;library_expenditure_line;pcs_facilities,
2023,IR-E-U-0535,19250,,faculty_details;financial_resources;library_expenditure_line;pcs_facilities,
2023,IR-E-U-0555,19520,,faculty_details;financial_resources;library_expenditure_line;pcs_facilities,
2023,IR-E-U-0560,23960,,faculty_details;financial_resources;library_expenditure_line;pcs_facilities,
2023,IR-E-U-0564,18736,,faculty_details;financial_resources;library_expenditure_line;pcs_facilities,
2023,IR-E-U-0573,24476,,faculty_details;financial_resources;library_expenditure_line;pcs_facilities,
2023,IR-E-U-0575,20776,,faculty_details;financial_resources;library_expenditure_line;pcs_facilities,
2023,IR-E-U-0577,22299,,faculty_details;financial_resources;library_expenditure_line;pcs_facilities,
2023,IR-E-U-0584,18388,,faculty_details;financial_resources;library_expenditure_line;pcs_facilities,
2023,IR-E-U-0613,18208,,faculty_details;financial_resources;library_expenditure_line;pcs_facilities,
2023,IR-E-U-0619,20110,,faculty_details;financial_resources;library_expenditure_line;pcs_facilities,
2023,IR-E-U-0620,18837,,faculty_details;financial_resources;library_expenditure_line;pcs_facilities,
2023,IR-E-U-0622,18067,,faculty_details;financial_resources;library_expenditure_line;pcs_facilities,
2023,IR-E-U-0701,24040,,faculty_details;financial_resources;library_expenditure_line;pcs_facilities,
2023,IR-E-U-0747,19703,,faculty_details;financial_resources;library_expenditure_line;pcs_facilities,
2023,IR-E-U-0749,18214,,faculty_details;financial_resources;library_expenditure_line;pcs_facilities,
2023,IR-E-U-0844,19742,,faculty_details;financial_resources;library_expenditure_line;pcs_facilities,
2023,IR-E-U-0878,18728,,faculty_details;financial_resources;library_expenditure_line;pcs_facilities,
2023,IR-E-U-0899,18815,,faculty_details;financial_resources;library_expenditure_line;pcs_facilities,
2023,IR-E-U-0906,20153,,faculty_details;financial_resources;library_expenditure_line;pcs_facilities,
2023,IR-E-U-0946,18745,,faculty_details;financial_resources;library_expenditure_line;pcs_facilities,
2024,IR-E-C-1269,19908,,faculty_details;financial_resources;library_expenditure_line;pcs_facilities,
2024,IR-E-C-1297,18463,,faculty_details;financial_resources;library_expenditure_line;pcs_facilities,
2024,IR-E-C-1331,18774,,faculty_details;financial_resources;library_expenditure_line;pcs_facilities,
2024,IR-E-C-16604,18888,,faculty_details;financial_resources;library_expenditure_line;pcs_facilities,
2024,IR-E-C-19754,18635,,faculty_details;financial_resources;library_expenditure_line;pcs_facilities,
2024,IR-E-C-24004,20054,,faculty_details;financial_resources;library_expenditure_line;pcs_facilities,
2024,IR-E-C-30045,19278,,faculty_details;financial_resources;library_expenditure_line;pcs_facilities,
2024,IR-E-C-36995,20014,,faculty_details;financial_resources;library_expenditure_line;pcs_facilities,
2024,IR-E-C-37013,20678,,faculty_details;financial_resources;library_expenditure_line;pcs_facilities,
2024,IR-E-C-41593,18888,,faculty_details;financial_resources;library_expenditure_line;pcs_facilities,
2024,IR-E-C-6379,19713,,faculty_details;financial_resources;library_expenditure_line;pcs_facilities,
2024,IR-E-C-7252,20064,,faculty_details;financial_resources;library_expenditure_line;pcs_facilities,
2024,IR-E-I-1074,21921,,faculty_details;financial_resources;library_expenditure_line;pcs_facilities,
2024,IR-E-I-1075,19042,,faculty_details;financial_resources;library_expenditure_line;pcs_facilities,
2024,IR-E-I-1441,19111,,faculty_details;financial_resources;library_expenditure_line;pcs_facilities,
2024,IR-E-I-1480,19226,,faculty_details;financial_resources;library_expenditure_line;pcs_facilities,
2024,IR-E-U-0013,22356,,faculty_details;financial_resources;library_expenditure_line;pcs_facilities,
2024,IR-E-U-0014,22267,,faculty_details;financial_resources;library_expenditure_line;pcs_facilities,
2024,IR-E-U-0017,19215,,faculty_details;financial_resources;library_expenditure_line;pcs_facilities,
2024,IR-E-U-0020,19253,,faculty_details;financial_resources;library_expenditure_line;pcs_facilities,
2024,IR-E-U-0025,18966,,faculty_details;financial_resources;library_expenditure_line;pcs_facilities,
2024,IR-E-U-0042,18069,,faculty_details;financial_resources;library_expenditure_line;pcs_facilities,
2024,IR-E-U-0043,20258,,faculty_details;financial_resources;library_expenditure_line;pcs_facilities,
2024,IR-E-U-0053,19578,,faculty_details;financial_resources;library_expenditure_line;pcs_facilities,
2024,IR-E-U-0055,18384,,faculty_details;financial_resources;library_expenditure_line;pcs_facilities,
2024,IR-E-U-0064,19402,,faculty_details;financial_resources;library_expenditure_line;pcs_facilities,
2024,IR-E-U-0072,19177,,faculty_details;financial_resources;library_expenditure_line;pcs_facilities,
2024,IR-E-U-0092,21501,,faculty_details;financial_resources;library_expenditure_line;pcs_facilities,
2024,IR-E-U-0098,19889,,faculty_details;financial_resources;library_expenditure_line;pcs_facilities,
2024,IR-E-U-0099,18029,,faculty_details;financial_resources;library_expenditure_line;pcs_facilities,
2024,IR-E-U-0105,19412,,faculty_details;financial_resources;library_expenditure_line;pcs_facilities,
2024,IR-E-U-0108,17908,,faculty_details;financial_resources;library_expenditure_line;pcs_facilities,
2024,IR-E-U-0139,21125,,faculty_details;financial_resources;library_expenditure_line;pcs_facilities,
2024,IR-E-U-0149,19047,,faculty_details;financial_resources;library_expenditure_line;pcs_facilities,
2024,IR-E-U-0172,18478,,faculty_details;financial_resources;library_expenditure_line;pcs_facilities,
2024,IR-E-U-0184,20814,,faculty_details;financial_resources;library_expenditure_line;pcs_facilities,
2024,IR-E-U-0190,18570,,faculty_details;financial_resources;library_expenditure_line;pcs_facilities,
2024,IR-E-U-0197,20160,,faculty_details;financial_resources;library_expenditure_line;pcs_facilities,
2024,IR-E-U-0202,19409,,faculty_details;financial_resources;library_expenditure_line;pcs_facilities,
2024,IR-E-U-0205,22485,,faculty_details;financial_resources;library_expenditure_line;pcs_facilities,
2024,IR-E-U-0217,19430,,faculty_details;financial_resources;library_expenditure_line;pcs_facilities,
2024,IR-E-U-0221,19089,,faculty_details;financial_resources;library_expenditure_line;pcs_facilities,
2024,IR-E-U-0223,18723,,faculty_details;financial_resources;library_expenditure_line;pcs_facilities,
2024,IR-E-U-0237,18930,,faculty_details;financial_resources;library_expenditure_line;pcs_facilities,
2024,IR-E-U-0249,18542,,faculty_details;financial_resources;library_expenditure_line;pcs_facilities,
2024,IR-E-U-0255,22851,,faculty_details;financial_resources;library_expenditure_line;pcs_facilities,
2024,IR-E-U-0263,18592,,faculty_details;financial_resources;library_expenditure_line;pcs_facilities,
2024,IR-E-U-0273,18693,,faculty_details;financial_resources;library_expenditure_line;pcs_facilities,
2024,IR-E-U-0284,22051,,faculty_details;financial_resources;library_expenditure_line;pcs_facilities,
2024,IR-E-U-0297,15983,,faculty_details;financial_resources;library_expenditure_line;pcs_facilities,
2024,IR-E-U-0306,22550,,faculty_details;financial_resources;library_expenditure_line;pcs_facilities,
2024,IR-E-U-0308,21659,,faculty_details;financial_resources;library_expenditure_line;pcs_facilities,
2024,IR-E-U-0334,18934,,faculty_details;financial_resources;library_expenditure_line;pcs_facilities,
2024,IR-E-U-0355,23794,,faculty_details;financial_resources;library_expenditure_line;pcs_facilities,
2024,IR-E-U-0356,18761,,faculty_details;financial_resources;library_expenditure_line;pcs_facilities,
2024,IR-E-U-0357,25077,,faculty_details;financial_resources;library_expenditure_line;pcs_facilities,
2024,IR-E-U-0363,20258,,faculty_details;financial_resources;library_expenditure_line;pcs_facilities,
2024,IR-E-U-0373,20799,,faculty_details;financial_resources;library_expenditure_line;pcs_facilities,
2024,IR-E-U-0374,18920,,faculty_details;financial_resources;library_expenditure_line;pcs_facilities,
2024,IR-E-U-0378,22884,,faculty_details;financial_resources;library_expenditure_line;pcs_facilities,
2024,IR-E-U-0379,21074,,faculty_details;financial_resources;library_expenditure_line;pcs_facilities,
2024,IR-E-U-0384,18742,,faculty_details;financial_resources;library_expenditure_line;pcs_facilities,
2024,IR-E-U-0389,19510,,faculty_details;financial_resources;library_expenditure_line;pcs_facilities,
2024,IR-E-U-0391,19255,,faculty_details;financial_resources;library_expenditure_line;pcs_facilities,
2024,IR-E-U-0395,18635,,faculty_details;financial_resources;library_expenditure_line;pcs_facilities,
2024,IR-E-U-0410,18995,,faculty_details;financial_resources;library_expenditure_line;pcs_facilities,
2024,IR-E-U-0436,19827,,faculty_details;financial_resources;library_expenditure_line;pcs_facilities,
2024,IR-E-U-0439,20380,,faculty_details;financial_resources;library_expenditure_line;pcs_facilities,
2024,IR-E-U-0456,25167,,faculty_details;financial_resources;library_expenditure_line;pcs_facilities,
2024,IR-E-U-0458,20059,,faculty_details;financial_resources;library_expenditure_line;pcs_facilities,
2024,IR-E-U-0467,21205,,faculty_details;financial_resources;library_expenditure_line;pcs_facilities,
2024,IR-E-U-0473,20999,,faculty_details;financial_resources;library_expenditure_line;pcs_facilities,
2024,IR-E-U-0474,20289,,faculty_details;financial_resources;library_expenditure_line;pcs_facilities,
2024,IR-E-U-0476,20854,,faculty_details;financial_resources;library_expenditure_line;pcs_facilities,
2024,IR-E-U-0489,19759,,faculty_details;financial_resources;library_expenditure_line;pcs_facilities,
2024,IR-E-U-0490,20686,,faculty_details;financial_resources;library_expenditure_line;pcs_facilities,
2024,IR-E-U-0493,18916,,faculty_details;financial_resources;library_expenditure_line;pcs_facilities,
2024,IR-E-U-0496,19034,,faculty_details;financial_resources;library_expenditure_line;pcs_facilities,
2024,IR-E-U-0497,20761,,faculty_details;financial_resources;library_expenditure_line;pcs_facilities,
2024,IR-E-U-0516,17584,,faculty_details;financial_resources;library_expenditure_line;pcs_facilities,
2024,IR-E-U-0530,20171,,faculty_details;financial_resources;library_expenditure_line;pcs_facilities,
2024,IR-E-U-0535,18706,,faculty_details;financial_resources;library_expenditure_line;pcs_facilities,
2024,IR-E-U-0555,19937,,faculty_details;financial_resources;library_expenditure_line;pcs_facilities,
2024,IR-E-U-0560,24641,,faculty_details;financial_resources;library_expenditure_line;pcs_facilities,
2024,IR-E-U-0564,19579,,faculty_details;financial_resources;library_expenditure_line;pcs_facilities,
2024,IR-E-U-0573,23922,,faculty_details;financial_resources;library_expenditure_line;pcs_facilities,
2024,IR-E-U-0575,20771,,faculty_details;financial_resources;library_expenditure_line;pcs_facilities,
2024,IR-E-U-0577,21961,,faculty_details;financial_resources;library_expenditure_line;pcs_facilities,
2024,IR-E-U-0584,18597,,faculty_details;financial_resources;library_expenditure_line;pcs_facilities,
2024,IR-E-U-0619,19885,,faculty_details;financial_resources;library_expenditure_line;pcs_facilities,
2024,IR-E-U-0621,19644,,faculty_details;financial_resources;library_expenditure_line;pcs_facilities,
2024,IR-E-U-0622,18951,,faculty_details;financial_resources;library_expenditure_line;pcs_facilities,
2024,IR-E-U-0701,22726,,faculty_details;financial_resources;library_expenditure_line;pcs_facilities,
2024,IR-E-U-0739,19286,,faculty_details;financial_resources;library_expenditure_line;pcs_facilities,
2024,IR-E-U-0747,20898,,faculty_details;financial_resources;library_expenditure_line;pcs_facilities,
2024,IR-E-U-0749,17413,,faculty_details;financial_resources;library_expenditure_line;pcs_facilities,
2024,IR-E-U-0844,21214,,faculty_details;financial_resources;library_expenditure_line;pcs_facilities,
2024,IR-E-U-0878,19459,,faculty_details;financial_resources;library_expenditure_line;pcs_facilities,
2024,IR-E-U-0906,21567,,faculty_details;financial_resources;library_expenditure_line;pcs_facilities,
2024,IR-E-U-0946,17631,,faculty_details;financial_resources;library_expenditure_line;pcs_facilities,
2025,IR-E-C-1331,19284,,faculty_details;financial_resources;library_expenditure_line;pcs_facilities,
2025,IR-E-C-16604,20753,,faculty_details;financial_resources;library_expenditure_line;pcs_facilities,
2025,IR-E-C-24004,20090,,faculty_details;financial_resources;library_expenditure_line;pcs_facilities,
2025,IR-E-C-37013,20296,,faculty_details;financial_resources;library_expenditure_line;pcs_facilities,
2025,IR-E-C-6379,20408,,faculty_details;financial_resources;library_expenditure_line;pcs_facilities,
2025,IR-E-C-7252,19389,,faculty_details;financial_resources;library_expenditure_line;pcs_facilities,
2025,IR-E-I-1074,21395,,faculty_details;financial_resources;library_expenditure_line;pcs_facilities,
2025,IR-E-I-1075,18716,,faculty_details;financial_resources;library_expenditure_line;pcs_facilities,
2025,IR-E-I-1441,19428,,faculty_details;financial_resources;library_expenditure_line;pcs_facilities,
2025,IR-E-I-1480,18455,,faculty_details;financial_resources;library_expenditure_line;pcs_facilities,
2025,IR-E-U-0013,23004,,faculty_details;financial_resources;library_expenditure_line;pcs_facilities,
2025,IR-E-U-0014,22316,,faculty_details;financial_resources;library_expenditure_line;pcs_facilities,
2025,IR-E-U-0020,19740,,faculty_details;financial_resources;library_expenditure_line;pcs_facilities,
2025,IR-E-U-0025,19100,,faculty_details;financial_resources;library_expenditure_line;pcs_facilities,
2025,IR-E-U-0042,17199,,faculty_details;financial_resources;library_expenditure_line;pcs_facilities,
2025,IR-E-U-0043,19688,,faculty_details;financial_resources;library_expenditure_line;pcs_facilities,
2025,IR-E-U-0053,20169,,faculty_details;financial_resources;library_expenditure_line;pcs_facilities,
2025,IR-E-U-0055,18512,,faculty_details;financial_resources;library_expenditure_line;pcs_facilities,
2025,IR-E-U-0064,19957,,faculty_details;financial_resources;library_expenditure_line;pcs_facilities,
2025,IR-E-U-0072,18948,,faculty_details;financial_resources;library_expenditure_line;pcs_facilities,
2025,IR-E-U-0092,22044,,faculty_details;financial_resources;library_expenditure_line;pcs_facilities,
2025,IR-E-U-0098,20666,,faculty_details;financial_resources;library_expenditure_line;pcs_facilities,
2025,IR-E-U-0105,20494,,faculty_details;financial_resources;library_expenditure_line;pcs_facilities,
2025,IR-E-U-0108,18789,,faculty_details;financial_resources;library_expenditure_line;pcs_facilities,
2025,IR-E-U-0139,21785,,faculty_details;financial_resources;library_expenditure_line;pcs_facilities,
2025,IR-E-U-0149,20109,,faculty_details;financial_resources;library_expenditure_line;pcs_facilities,
2025,IR-E-U-0172,19123,,faculty_details;financial_resources;library_expenditure_line;pcs_facilities,
2025,IR-E-U-0184,22016,,faculty_details;financial_resources;library_expenditure_line;pcs_facilities,
2025,IR-E-U-0197,19690,,faculty_details;financial_resources;library_expenditure_line;pcs_facilities,
2025,IR-E-U-0202,19653,,faculty_details;financial_resources;library_expenditure_line;pcs_facilities,
2025,IR-E-U-0205,22814,,faculty_details;financial_resources;library_expenditure_line;pcs_facilities,
2025,IR-E-U-0207,19747,,faculty_details;financial_resources;library_expenditure_line;pcs_facilities,
2025,IR-E-U-0217,18657,,faculty_details;financial_resources;library_expenditure_line;pcs_facilities,
2025,IR-E-U-0221,19846,,faculty_details;financial_resources;library_expenditure_line;pcs_facilities,
2025,IR-E-U-0223,19899,,faculty_details;financial_resources;library_expenditure_line;pcs_facilities,
2025,IR-E-U-0237,18368,,faculty_details;financial_resources;library_expenditure_line;pcs_facilities,
2025,IR-E-U-0255,23733,,faculty_details;financial_resources;library_expenditure_line;pcs_facilities,
2025,IR-E-U-0263,19556,,faculty_details;financial_resources;library_expenditure_line;pcs_facilities,
2025,IR-E-U-0273,18957,,faculty_details;financial_resources;library_expenditure_line;pcs_facilities,
2025,IR-E-U-0284,21882,,faculty_details;financial_resources;library_expenditure_line;pcs_facilities,
2025,IR-E-U-0306,23818,,faculty_details;financial_resources;library_expenditure_line;pcs_facilities,
2025,IR-E-U-0308,21434,,faculty_details;financial_resources;library_expenditure_line;pcs_facilities,
2025,IR-E-U-0329,20703,,faculty_details;financial_resources;library_expenditure_line;pcs_facilities,
2025,IR-E-U-0334,19367,,faculty_details;financial_resources;library_expenditure_line;pcs_facilities,
2025,IR-E-U-0355,23098,,faculty_details;financial_resources;library_expenditure_line;pcs_facilities,
2025,IR-E-U-0356,19384,,faculty_details;financial_resources;library_expenditure_line;pcs_facilities,
2025,IR-E-U-0357,24210,,faculty_details;financial_resources;library_expenditure_line;pcs_facilities,
2025,IR-E-U-0363,20712,,faculty_details;financial_resources;library_expenditure_line;pcs_facilities,
2025,IR-E-U-0373,20546,,faculty_details;financial_resources;library_expenditure_line;pcs_facilities,
2025,IR-E-U-0374,20237,,faculty_details;financial_resources;library_expenditure_line;pcs_facilities,
2025,IR-E-U-0378,22476,,faculty_details;financial_resources;library_expenditure_line;pcs_facilities,
2025,IR-E-U-0379,21969,,faculty_details;financial_resources;library_expenditure_line;pcs_facilities,
2025,IR-E-U-0384,18988,,faculty_details;financial_resources;library_expenditure_line;pcs_facilities,
2025,IR-E-U-0389,19921,,faculty_details;financial_resources;library_expenditure_line;pcs_facilities,
2025,IR-E-U-0391,19553,,faculty_details;financial_resources;library_expenditure_line;pcs_facilities,
2025,IR-E-U-0395,21520,,faculty_details;financial_resources;library_expenditure_line;pcs_facilities,
2025,IR-E-U-0410,19465,,faculty_details;financial_resources;library_expenditure_line;pcs_facilities,
2025,IR-E-U-0436,20566,,faculty_details;financial_resources;library_expenditure_line;pcs_facilities,
2025,IR-E-U-0439,19934,,faculty_details;financial_resources;library_expenditure_line;pcs_facilities,
2025,IR-E-U-0456,25311,,faculty_details;financial_resources;library_expenditure_line;pcs_facilities,
2025,IR-E-U-0458,19638,,faculty_details;financial_resources;library_expenditure_line;pcs_facilities,
2025,IR-E-U-0467,21185,,faculty_details;financial_resources;library_expenditure_line;pcs_facilities,
2025,IR-E-U-0473,21456,,faculty_details;financial_resources;library_expenditure_line;pcs_facilities,
2025,IR-E-U-0474,19814,,faculty_details;financial_resources;library_expenditure_line;pcs_facilities,
2025,IR-E-U-0476,21300,,faculty_details;financial_resources;library_expenditure_line;pcs_facilities,
2025,IR-E-U-0489,19474,,faculty_details;financial_resources;library_expenditure_line;pcs_facilities,
2025,IR-E-U-0490,20781,,faculty_details;financial_resources;library_expenditure_line;pcs_facilities,
2025,IR-E-U-0496,18842,,faculty_details;financial_resources;library_expenditure_line;pcs_facilities,
2025,IR-E-U-0497,20424,,faculty_details;financial_resources;library_expenditure_line;pcs_facilities,
2025,IR-E-U-0530,19327,,faculty_details;financial_resources;library_expenditure_line;pcs_facilities,
2025,IR-E-U-0535,20775,,faculty_details;financial_resources;library_expenditure_line;pcs_facilities,
2025,IR-E-U-0555,19114,,faculty_details;financial_resources;library_expenditure_line;pcs_facilities,
2025,IR-E-U-0560,23582,,faculty_details;financial_resources;library_expenditure_line;pcs_facilities,
2025,IR-E-U-0564,18423,,faculty_details;financial_resources;library_expenditure_line;pcs_facilities,
2025,IR-E-U-0573,22825,,faculty_details;financial_resources;library_expenditure_line;pcs_facilities,
2025,IR-E-U-0575,20801,,faculty_details;financial_resources;library_expenditure_line;pcs_facilities,
2025,IR-E-U-0577,22892,,faculty_details;financial_resources;library_expenditure_line;pcs_facilities,
2025,IR-E-U-0584,18794,,faculty_details;financial_resources;library_expenditure_line;pcs_facilities,
2025,IR-E-U-0619,20161,,faculty_details;financial_resources;library_expenditure_line;pcs_facilities,
2025,IR-E-U-0622,19686,,faculty_details;financial_resources;library_expenditure_line;pcs_facilities,
2025,IR-E-U-0701,23747,,faculty_details;financial_resources;library_expenditure_line;pcs_facilities,
2025,IR-E-U-0739,19530,,faculty_details;financial_resources;library_expenditure_line;pcs_facilities,
2025,IR-E-U-0747,20357,,faculty_details;financial_resources;library_expenditure_line;pcs_facilities,
2025,IR-E-U-0749,18472,,faculty_details;financial_resources;library_expenditure_line;pcs_facilities,
2025,IR-E-U-0844,19739,,faculty_details;financial_resources;library_expenditure_line;pcs_facilities,
2025,IR-E-U-0878,18120,,faculty_details;financial_resources;library_expenditure_line;pcs_facilities,
2025,IR-E-U-0899,23793,,faculty_details;financial_resources;library_expenditure_line;pcs_facilities,
2025,IR-E-U-0906,22055,,faculty_details;financial_resources;library_expenditure_line;pcs_facilities,
2025,IR-E-U-0946,19323,,faculty_details;financial_resources;library_expenditure_line;pcs_facilities,
2025,IR-E-U-1257,19398,,faculty_details;financial_resources;library_expenditure_line;pcs_facilities,
