parameter,family,strategy,n,mae,rmse,r2,bias,hit_0.5,hit_1.0,hit_2.0,max_abs_err,spearman,max_marks
ESCS,Selected,pooled,88,0.6861045253394852,0.8982422749611492,0.927888292850567,-0.11515861860213446,0.4318181818181818,0.75,0.9545454545454546,2.5699999999999985,0.953968672549497,20
ESCS,MeanBaseline_2023_24,pooled,88,2.855828256794752,3.364004941533141,-0.011421183592010609,-0.3574753983130274,0.10227272727272728,0.19318181818181818,0.32954545454545453,8.751907216494846,,20
GPHD,Selected,per_year,86,0.6503488372093023,0.8903494218694453,0.9596424870432831,0.0019767441860464125,0.5581395348837209,0.8023255813953488,0.9651162790697675,4.040000000000001,0.9707323976992085,20
GPHD,MeanBaseline_2023_24,pooled,90,3.494563372417644,4.50581309270479,-0.04208707727202832,-0.9055147962032387,0.08888888888888889,0.2111111111111111,0.35555555555555557,13.624070351758794,,20
GMS,Selected,per_year,86,0.5410465116279068,0.7366193993745234,0.9616132371137797,-0.47918604651162783,0.5697674418604651,0.8953488372093024,0.9767441860465116,2.9299999999999997,0.986267507729242,25
GMS,MeanBaseline_2023_24,pooled,90,3.084061111111111,3.7574227089337593,-0.03426214570959929,-0.6838833333333324,0.07777777777777778,0.2222222222222222,0.35555555555555557,10.12155,,25
FPPP,Selected,per_year,86,1.1748837209302327,1.4449937635658452,0.6918103283976977,-1.1748837209302327,0.26744186046511625,0.46511627906976744,0.7790697674418605,3.42,0.9755721302475845,10
FPPP,MeanBaseline_2023_24,pooled,90,2.0452109419063733,2.842637002894436,-0.22643499447009208,-1.2214365482233505,0.2,0.3333333333333333,0.7,8.04243654822335,,10
SS,Selected,per_year,86,0.5665116279069768,0.9374334084876842,0.9309178760618415,-0.21627906976744188,0.686046511627907,0.7790697674418605,0.9302325581395349,2.869999999999999,0.9595827103864576,20
SS,MeanBaseline_2023_24,pooled,90,3.0216933333333333,3.621799565133333,-0.02993673188040602,-0.6174777777777767,0.08888888888888889,0.2111111111111111,0.37777777777777777,8.842300000000002,,20
FRU,Selected,per_year,85,1.4415102680119154,1.8405011462908776,0.8742111888098607,1.039994580871256,0.12941176470588237,0.3411764705882353,0.8,8.479112397187377,0.9580660448914662,30
FRU,MeanBaseline_2023_24,pooled,85,4.365055759803922,5.5695420150961255,-0.15188413606675155,-2.022419730392157,0.058823529411764705,0.11764705882352941,0.3058823529411765,15.456302083333334,,30
