year,institute_id,n_values_decimal_repaired
2023,IR-E-C-16604,1
2023,IR-E-I-1074,1
2023,IR-E-I-1480,2
2023,IR-E-U-0013,1
2023,IR-E-U-0043,1
2023,IR-E-U-0108,1
2023,IR-E-U-0202,1
2023,IR-E-U-0205,1
2023,IR-E-U-0249,1
2023,IR-E-U-0297,1
2023,IR-E-U-0308,1
2023,IR-E-U-0357,1
2023,IR-E-U-0363,1
2023,IR-E-U-0395,1
2023,IR-E-U-0489,1
2023,IR-E-U-0575,1
2023,IR-E-U-0906,1
2024,IR-E-C-1297,1
2024,IR-E-C-16604,1
2024,IR-E-C-19754,1
2024,IR-E-C-41593,1
2024,IR-E-U-0014,1
2024,IR-E-U-0017,1
2024,IR-E-U-0042,1
2024,IR-E-U-0092,1
2024,IR-E-U-0149,1
2024,IR-E-U-0172,1
2024,IR-E-U-0202,1
2024,IR-E-U-0255,1
2024,IR-E-U-0297,1
2024,IR-E-U-0308,1
2024,IR-E-U-0363,2
2024,IR-E-U-0378,1
2024,IR-E-U-0379,1
2024,IR-E-U-0395,2
2024,IR-E-U-0436,1
2024,IR-E-U-0439,1
2024,IR-E-U-0493,1
2024,IR-E-U-0516,2
2024,IR-E-U-0701,1
2025,IR-E-C-1331,2
2025,IR-E-C-37013,2
2025,IR-E-C-6379,1
2025,IR-E-I-1074,2
2025,IR-E-I-1441,1
2025,IR-E-I-1480,1
2025,IR-E-U-0020,2
2025,IR-E-U-0042,1
2025,IR-E-U-0043,1
2025,IR-E-U-0055,1
2025,IR-E-U-0064,2
2025,IR-E-U-0072,1
2025,IR-E-U-0108,3
2025,IR-E-U-0139,3
2025,IR-E-U-0172,1
2025,IR-E-U-0207,1
2025,IR-E-U-0221,1
2025,IR-E-U-0223,3
2025,IR-E-U-0263,1
2025,IR-E-U-0273,1
2025,IR-E-U-0284,1
2025,IR-E-U-0306,1
2025,IR-E-U-0308,1
2025,IR-E-U-0355,1
2025,IR-E-U-0357,1
2025,IR-E-U-0363,1
2025,IR-E-U-0374,2
2025,IR-E-U-0379,2
2025,IR-E-U-0389,1
2025,IR-E-U-0410,1
2025,IR-E-U-0436,1
2025,IR-E-U-0474,1
2025,IR-E-U-0490,1
2025,IR-E-U-0497,1
2025,IR-E-U-0530,1
2025,IR-E-U-0555,1
2025,IR-E-U-0575,1
2025,IR-E-U-0577,1
2025,IR-E-U-0584,1
2025,IR-E-U-0622,1
2025,IR-E-U-0739,2
2025,IR-E-U-0747,1
2025,IR-E-U-0749,1
2025,IR-E-U-0844,1
2025,IR-E-U-0946,2
